-- phpMyAdmin SQL Dump
-- version 4.2.11
-- http://www.phpmyadmin.net
--
-- Host: 127.0.0.1
-- Generation Time: 12.01.2015 klo 16:32
-- Palvelimen versio: 5.6.21
-- PHP Version: 5.6.3

SET SQL_MODE = "NO_AUTO_VALUE_ON_ZERO";
SET time_zone = "+00:00";


/*!40101 SET @OLD_CHARACTER_SET_CLIENT=@@CHARACTER_SET_CLIENT */;
/*!40101 SET @OLD_CHARACTER_SET_RESULTS=@@CHARACTER_SET_RESULTS */;
/*!40101 SET @OLD_COLLATION_CONNECTION=@@COLLATION_CONNECTION */;
/*!40101 SET NAMES utf8 */;

--
-- Database: `metrics`
--

-- --------------------------------------------------------

--
-- Rakenne taululle `individual_work`
--

CREATE TABLE IF NOT EXISTS `individual_work` (
  `work_id` int(10) NOT NULL,
  `project_id` int(10) DEFAULT NULL,
  `member_id` int(10) DEFAULT NULL,
  `description` varchar(30) DEFAULT NULL,
  `hours` varchar(10) DEFAULT NULL,
  `date` datetime(6) DEFAULT NULL,
  `problems` varchar(30) DEFAULT NULL
) ENGINE=InnoDB DEFAULT CHARSET=latin1;

--
-- Vedos taulusta `individual_work`
--

INSERT INTO `individual_work` (`work_id`, `project_id`, `member_id`, `description`, `hours`, `date`, `problems`) VALUES
(1, 666, 1, 'Coding like a boss', '25', '2014-01-04 00:00:00.000000', 'Ran out of coke'),
(2, 666, 2, 'Designing like a baws', '15', '2014-10-13 00:00:00.000000', 'Ran out of beer'),
(3, 666, 3, 'Managing the projector', '170', '2014-10-13 00:00:00.000000', 'Very many problemo'),
(4, 777, 3, 'Playing Dota 2', '166', '2014-03-13 00:00:00.000000', 'Noobs enemies'),
(5, 777, 2, 'Coding', '112', '2014-04-13 00:00:00.000000', 'Bugs'),
(6, 777, 1, 'Designing', '134', '2014-12-13 00:00:00.000000', 'mspaint'),
(7, 777, 4, 'Designing', '222', '2014-10-13 00:00:00.000000', 'mspaint'),
(8, 777, 5, 'Raging', '162', '2014-07-13 00:00:00.000000', 'GUI'),
(9, 666, 1, 'Coding like a boss', '300', '2014-01-04 00:00:00.000000', 'New thing'),
(5068, 18, 108, '', '0.5', '2012-09-13 00:00:00.000000', '996'),
(5069, 18, 108, '', '0.25', '2012-09-13 00:00:00.000000', '996'),
(5070, 18, 108, '', '0.25', '2012-09-13 00:00:00.000000', '996'),
(5071, 18, 108, '', '1.25', '2012-09-14 00:00:00.000000', '996'),
(5072, 18, 108, '', '1', '2012-09-14 00:00:00.000000', '996'),
(5073, 18, 108, '', '0.5', '2012-09-14 00:00:00.000000', '996'),
(5074, 18, 108, '', '0.5', '2012-09-14 00:00:00.000000', '996'),
(5078, 18, 108, '', '1.25', '2012-09-14 00:00:00.000000', '996'),
(5079, 18, 108, '', '0.5', '2012-09-15 00:00:00.000000', '996'),
(5080, 18, 108, '', '0.5', '2012-09-15 00:00:00.000000', '996'),
(5082, 18, 108, '', '3', '2012-09-17 00:00:00.000000', '996'),
(5083, 18, 108, '', '1', '2012-09-17 00:00:00.000000', '996'),
(5084, 18, 108, '', '2.5', '2012-09-17 00:00:00.000000', '996'),
(5092, 18, 108, '', '0.5', '2012-09-17 00:00:00.000000', '996'),
(5093, 18, 108, '', '0.5', '2012-09-18 00:00:00.000000', '996'),
(5094, 18, 108, '', '2', '2012-09-18 00:00:00.000000', '996'),
(5121, 18, 131, '', '1.5', '2012-09-14 00:00:00.000000', '1028'),
(5122, 18, 131, '', '1.5', '2012-09-18 00:00:00.000000', '1028'),
(5145, 18, 108, '', '1', '2012-09-20 00:00:00.000000', '1038'),
(5146, 18, 108, '', '3', '2012-09-18 00:00:00.000000', '996'),
(5147, 18, 108, '', '0.5', '2012-09-19 00:00:00.000000', '996'),
(5148, 18, 108, '', '0.25', '2012-09-18 00:00:00.000000', '996'),
(5149, 18, 108, '', '0.5', '2012-09-19 00:00:00.000000', '996'),
(5150, 18, 108, '', '1', '2012-09-19 00:00:00.000000', '996'),
(5151, 18, 108, '', '0.25', '2012-09-19 00:00:00.000000', '996'),
(5152, 18, 108, '', '0.25', '2012-09-19 00:00:00.000000', '996'),
(5153, 18, 108, '', '0.25', '2012-09-19 00:00:00.000000', '996'),
(5154, 18, 108, '', '0.75', '2012-09-19 00:00:00.000000', '996'),
(5155, 18, 108, '', '0.5', '2012-09-20 00:00:00.000000', '996'),
(5156, 18, 108, '', '0.5', '2012-09-20 00:00:00.000000', '996'),
(5157, 18, 108, '', '0.25', '2012-09-20 00:00:00.000000', '996'),
(5159, 18, 108, '', '2.5', '2012-09-20 00:00:00.000000', '996'),
(5161, 18, 108, '', '2', '2012-09-20 00:00:00.000000', '996'),
(5163, 18, 122, '', '15', '2012-09-20 00:00:00.000000', '999'),
(5164, 18, 122, '', '5', '2012-09-20 00:00:00.000000', '999'),
(5165, 18, 108, '', '1', '2012-09-20 00:00:00.000000', '996'),
(5188, 18, 108, '', '1', '2012-09-21 00:00:00.000000', '996'),
(5204, 18, 122, '', '0.5', '2012-09-21 00:00:00.000000', '1039'),
(5205, 18, 122, '', '0.25', '2012-09-21 00:00:00.000000', '1043'),
(5216, 18, 134, '', '1.5', '2012-09-22 00:00:00.000000', '1057'),
(5218, 18, 134, '', '1.5', '2012-09-14 00:00:00.000000', '1057'),
(5219, 18, 134, '', '1', '2012-09-21 00:00:00.000000', '1057'),
(5224, 18, 147, '', '2', '2012-09-18 00:00:00.000000', '1059'),
(5225, 18, 147, '', '1.5', '2012-09-14 00:00:00.000000', '1059'),
(5233, 18, 147, '', '0.5', '2012-09-22 00:00:00.000000', '1059'),
(5239, 18, 131, '', '1', '2012-09-21 00:00:00.000000', '1028'),
(5255, 18, 134, '', '2', '2012-09-23 00:00:00.000000', '1057'),
(5267, 18, 108, '', '0.5', '2012-09-23 00:00:00.000000', '996'),
(5284, 18, 108, '', '2.25', '2012-09-24 00:00:00.000000', '996'),
(5285, 18, 108, '', '0.25', '2012-09-24 00:00:00.000000', '996'),
(5294, 18, 108, '', '0.75', '2012-09-24 00:00:00.000000', '996'),
(5295, 18, 108, '', '0.75', '2012-09-24 00:00:00.000000', '996'),
(5303, 18, 108, '', '1.75', '2012-09-24 00:00:00.000000', '996'),
(5313, 18, 108, '', '0.5', '2012-09-25 00:00:00.000000', '996'),
(5318, 18, 122, '', '0.5', '2012-09-25 00:00:00.000000', '999'),
(5323, 18, 147, '', '1', '2012-09-25 00:00:00.000000', '1059'),
(5339, 18, 148, '', '1.5', '2012-09-14 00:00:00.000000', '1076'),
(5340, 18, 148, '', '1', '2012-09-21 00:00:00.000000', '1076'),
(5341, 18, 148, '', '1.5', '2012-09-18 00:00:00.000000', '1076'),
(5342, 18, 148, '', '2', '2012-09-20 00:00:00.000000', '1076'),
(5343, 18, 148, '', '2', '2012-09-21 00:00:00.000000', '1076'),
(5349, 18, 122, '', '1.5', '2012-09-25 00:00:00.000000', '999'),
(5350, 18, 108, '', '0.75', '2012-09-26 00:00:00.000000', '996'),
(5351, 18, 108, '', '1.25', '2012-09-25 00:00:00.000000', '996'),
(5353, 18, 108, '', '0.75', '2012-09-26 00:00:00.000000', '996'),
(5354, 18, 147, '', '0.75', '2012-09-26 00:00:00.000000', '1059'),
(5355, 18, 147, '', '0.25', '2012-09-26 00:00:00.000000', '1059'),
(5371, 18, 108, '', '0.25', '2012-09-27 00:00:00.000000', '996'),
(5402, 18, 108, '', '1', '2012-09-28 00:00:00.000000', '996'),
(5405, 18, 147, '', '1', '2012-09-28 00:00:00.000000', '1059'),
(5406, 18, 108, '', '1', '2012-09-28 00:00:00.000000', '996'),
(5408, 18, 131, '', '3', '2012-09-27 00:00:00.000000', '1028'),
(5409, 18, 147, '', '0.25', '2012-09-28 00:00:00.000000', '1059'),
(5410, 18, 131, '', '1.5', '2012-09-28 00:00:00.000000', '1028'),
(5411, 18, 131, '', '1', '2012-09-28 00:00:00.000000', '1028'),
(5414, 18, 134, '', '1.5', '2012-09-28 00:00:00.000000', '1057'),
(5415, 18, 134, '', '1', '2012-09-28 00:00:00.000000', '1057'),
(5416, 18, 134, '', '0.25', '2012-09-28 00:00:00.000000', '1057'),
(5420, 18, 147, '', '1.5', '2012-09-28 00:00:00.000000', '1059'),
(5421, 18, 108, '', '1', '2012-09-28 00:00:00.000000', '996'),
(5422, 18, 108, '', '0.5', '2012-09-28 00:00:00.000000', '996'),
(5475, 18, 134, '', '0.5', '2012-09-30 00:00:00.000000', '1057'),
(5531, 18, 148, '', '0.5', '2012-09-30 00:00:00.000000', '1076'),
(5533, 18, 148, '', '1', '2012-10-01 00:00:00.000000', '1076'),
(5534, 18, 147, '', '1', '2012-10-01 00:00:00.000000', '1059'),
(5538, 18, 134, '', '1', '2012-10-01 00:00:00.000000', '1057'),
(5539, 18, 108, '', '1', '2012-10-01 00:00:00.000000', '996'),
(5550, 18, 122, '', '2.25', '2012-09-30 00:00:00.000000', '999'),
(5551, 18, 122, '', '1.25', '2012-09-28 00:00:00.000000', '999'),
(5552, 18, 122, '', '3.5', '2012-09-29 00:00:00.000000', '999'),
(5554, 18, 108, '', '0.5', '2012-10-01 00:00:00.000000', '996'),
(5555, 18, 108, '', '0.5', '2012-10-01 00:00:00.000000', '996'),
(5557, 18, 108, '', '1', '2012-10-01 00:00:00.000000', '996'),
(5567, 18, 131, '', '1', '2012-10-01 00:00:00.000000', '1028'),
(5616, 18, 131, '', '3', '2012-10-02 00:00:00.000000', '1028'),
(5637, 18, 108, '', '0.25', '2012-10-04 00:00:00.000000', '996'),
(5639, 18, 108, '', '0.5', '2012-10-05 00:00:00.000000', '996'),
(5649, 18, 148, '', '2.5', '2012-10-05 00:00:00.000000', '1076'),
(5660, 18, 131, '', '2.5', '2012-10-05 00:00:00.000000', '1028'),
(5661, 18, 147, '', '2.5', '2012-10-05 00:00:00.000000', '1059'),
(5663, 18, 108, '', '2.5', '2012-10-05 00:00:00.000000', '996'),
(5673, 18, 134, '', '2.5', '2012-10-05 00:00:00.000000', '1057'),
(5794, 18, 108, '', '0.5', '2012-10-11 00:00:00.000000', '996'),
(5811, 18, 147, '', '2', '2012-10-12 00:00:00.000000', '1059'),
(5812, 18, 131, '', '3', '2012-10-12 00:00:00.000000', '1028'),
(5817, 18, 108, '', '3', '2012-10-12 00:00:00.000000', '996'),
(5818, 18, 108, '', '0.25', '2012-10-12 00:00:00.000000', '996'),
(5819, 18, 108, '', '0.5', '2012-10-13 00:00:00.000000', '996'),
(5820, 18, 131, '', '5', '2012-10-13 00:00:00.000000', '1028'),
(5829, 18, 134, '', '2', '2012-10-12 00:00:00.000000', '1057'),
(5868, 18, 108, '', '0.5', '2012-10-14 00:00:00.000000', '996'),
(5869, 18, 108, '', '0.25', '2012-10-13 00:00:00.000000', ''),
(5877, 18, 148, '', '2.5', '2012-10-12 00:00:00.000000', '1076'),
(5878, 18, 122, '', '1', '2012-10-15 00:00:00.000000', '1176'),
(5882, 18, 147, '', '0.25', '2012-10-15 00:00:00.000000', '1059'),
(5888, 18, 122, '', '1', '2012-10-15 00:00:00.000000', '999'),
(5889, 18, 122, '', '1', '2012-10-15 00:00:00.000000', '999'),
(5890, 18, 122, '', '2.5', '2012-10-12 00:00:00.000000', '999'),
(5891, 18, 122, '', '1.5', '2012-10-15 00:00:00.000000', '999'),
(5904, 18, 147, '', '0.75', '2012-10-15 00:00:00.000000', '1059'),
(5905, 18, 134, '', '2.75', '2012-10-15 00:00:00.000000', '1057'),
(5912, 18, 147, '', '0.25', '2012-10-15 00:00:00.000000', '1059'),
(5918, 18, 108, '', '0.25', '2012-10-15 00:00:00.000000', '996'),
(5919, 18, 108, '', '2', '2012-10-15 00:00:00.000000', '996'),
(5920, 18, 108, '', '0.25', '2012-10-15 00:00:00.000000', '996'),
(5921, 18, 108, '', '0.25', '2012-10-15 00:00:00.000000', '996'),
(5922, 18, 108, '', '1', '2012-10-15 00:00:00.000000', '996'),
(5923, 18, 108, '', '0.75', '2012-10-15 00:00:00.000000', '996'),
(5924, 18, 108, '', '2.5', '2012-10-15 00:00:00.000000', '996'),
(5925, 18, 108, '', '1.5', '2012-10-15 00:00:00.000000', '996'),
(5927, 18, 147, '', '2.5', '2012-10-16 00:00:00.000000', '1059'),
(5928, 18, 108, '', '1', '2012-10-16 00:00:00.000000', '996'),
(5929, 18, 108, '', '1', '2012-10-16 00:00:00.000000', '996'),
(5930, 18, 134, '', '0.5', '2012-10-16 00:00:00.000000', '1057'),
(5931, 18, 134, '', '0.25', '2012-10-16 00:00:00.000000', '1057'),
(5932, 18, 134, '', '0.25', '2012-10-16 00:00:00.000000', '1057'),
(5935, 18, 147, '', '1.25', '2012-10-16 00:00:00.000000', '1059'),
(5943, 18, 148, '', '1', '2012-10-17 00:00:00.000000', '1076'),
(5944, 18, 134, '', '0.5', '2012-10-17 00:00:00.000000', '1057'),
(5945, 18, 134, '', '0.25', '2012-10-17 00:00:00.000000', '1057'),
(5946, 18, 147, '', '0.25', '2012-10-17 00:00:00.000000', '1059'),
(5955, 18, 147, '', '0.25', '2012-10-18 00:00:00.000000', '1059'),
(5974, 18, 131, '', '3', '2012-10-19 00:00:00.000000', '1028'),
(5976, 18, 148, '', '3.5', '2012-10-18 00:00:00.000000', '1076'),
(5977, 18, 148, '', '1', '2012-10-20 00:00:00.000000', '1076'),
(6038, 18, 148, '', '1.5', '2012-10-23 00:00:00.000000', '1076'),
(6040, 18, 134, '', '1.5', '2012-10-23 00:00:00.000000', '1057'),
(6059, 18, 131, '', '1.5', '2012-10-23 00:00:00.000000', '1028'),
(6060, 18, 131, '', '2', '2012-10-24 00:00:00.000000', '1028'),
(6061, 18, 108, '', '1.5', '2012-10-24 00:00:00.000000', '996'),
(6062, 18, 108, '', '2.5', '2012-10-24 00:00:00.000000', '996'),
(6068, 18, 108, '', '1', '2012-10-25 00:00:00.000000', '996'),
(6073, 18, 108, '', '1', '2012-10-25 00:00:00.000000', '996'),
(6074, 18, 108, '', '0.5', '2012-10-25 00:00:00.000000', '996'),
(6118, 18, 147, '', '2', '2012-10-26 00:00:00.000000', '1059'),
(6121, 18, 108, '', '2', '2012-10-26 00:00:00.000000', '996'),
(6122, 18, 108, '', '0.25', '2012-10-26 00:00:00.000000', '996'),
(6124, 18, 134, '', '2', '2012-10-26 00:00:00.000000', '1057'),
(6125, 18, 131, '', '3', '2012-10-26 00:00:00.000000', '1028'),
(6126, 18, 131, '', '1', '2012-10-26 00:00:00.000000', '1028'),
(6127, 18, 108, '', '0.25', '2012-10-26 00:00:00.000000', '996'),
(6128, 18, 108, '', '0.5', '2012-10-26 00:00:00.000000', '996'),
(6129, 18, 108, '', '4', '2012-10-26 00:00:00.000000', '996'),
(6130, 18, 108, '', '1', '2012-10-26 00:00:00.000000', '996'),
(6133, 18, 134, '', '0.25', '2012-10-27 00:00:00.000000', '1057'),
(6134, 18, 147, '', '1', '2012-10-27 00:00:00.000000', '1059'),
(6135, 18, 108, '', '2', '2012-10-27 00:00:00.000000', '996'),
(6137, 18, 134, '', '1.5', '2012-10-27 00:00:00.000000', '1057'),
(6177, 18, 148, '', '2', '2012-10-26 00:00:00.000000', '1076'),
(6178, 18, 148, '', '1', '2012-10-28 00:00:00.000000', '1076'),
(6208, 18, 131, '', '1', '2012-10-29 00:00:00.000000', '1028'),
(6224, 18, 122, '', '2', '2012-10-26 00:00:00.000000', '999'),
(6225, 18, 122, '', '2.5', '2012-10-24 00:00:00.000000', '999'),
(6226, 18, 122, '', '3', '2012-10-19 00:00:00.000000', '999'),
(6227, 18, 122, '', '1', '2012-10-17 00:00:00.000000', '999'),
(6228, 18, 122, '', '1', '2012-10-28 00:00:00.000000', '999'),
(6229, 18, 122, '', '1', '2012-10-22 00:00:00.000000', '999'),
(6246, 18, 108, '', '0.25', '2012-10-30 00:00:00.000000', '996'),
(6250, 18, 108, '', '1', '2012-10-30 00:00:00.000000', '996'),
(6253, 18, 108, '', '1', '2012-10-31 00:00:00.000000', '996'),
(6265, 18, 148, '', '0.25', '2012-10-31 00:00:00.000000', '1076'),
(6286, 18, 108, '', '0.25', '2012-11-01 00:00:00.000000', '996'),
(6289, 18, 108, '', '0.5', '2012-11-01 00:00:00.000000', '996'),
(6290, 18, 108, '', '0.25', '2012-11-01 00:00:00.000000', '996'),
(6292, 18, 108, '', '0.25', '2012-11-01 00:00:00.000000', '996'),
(6293, 18, 134, '', '0.25', '2012-11-01 00:00:00.000000', '1057'),
(6301, 18, 147, '', '0.5', '2012-11-01 00:00:00.000000', '1059'),
(6302, 18, 108, '', '0.5', '2012-11-01 00:00:00.000000', '996'),
(6311, 18, 147, '', '2.75', '2012-11-02 00:00:00.000000', '1059'),
(6315, 18, 108, '', '3', '2012-11-02 00:00:00.000000', '996'),
(6317, 18, 108, '', '0.5', '2012-11-02 00:00:00.000000', '996'),
(6318, 18, 108, '', '0.5', '2012-11-02 00:00:00.000000', '996'),
(6331, 18, 131, '', '1.5', '2012-11-03 00:00:00.000000', '1265'),
(6332, 18, 134, '', '2.75', '2012-11-03 00:00:00.000000', '1057'),
(6333, 18, 134, '', '0.25', '2012-11-03 00:00:00.000000', '1057'),
(6334, 18, 134, '', '0.5', '2012-11-03 00:00:00.000000', '1057'),
(6336, 18, 108, '', '0.25', '2012-11-03 00:00:00.000000', '996'),
(6344, 18, 147, '', '0.25', '2012-11-04 00:00:00.000000', '1059'),
(6348, 18, 134, '', '0.25', '2012-11-04 00:00:00.000000', '1057'),
(6390, 18, 108, '', '0.5', '2012-11-05 00:00:00.000000', '996'),
(6412, 18, 131, '', '3', '2012-11-02 00:00:00.000000', '1028'),
(6413, 18, 147, '', '0.25', '2012-11-05 00:00:00.000000', '1059'),
(6414, 18, 122, '', '2', '2012-10-31 00:00:00.000000', '999'),
(6415, 18, 122, '', '3', '2012-11-02 00:00:00.000000', '999'),
(6416, 18, 122, '', '1', '2012-11-04 00:00:00.000000', '999'),
(6417, 18, 108, '', '0.5', '2012-11-05 00:00:00.000000', '996'),
(6418, 18, 108, '', '0.25', '2012-11-05 00:00:00.000000', '996'),
(6419, 18, 147, '', '1', '2012-11-05 00:00:00.000000', '1059'),
(6420, 18, 108, '', '0.5', '2012-11-05 00:00:00.000000', '996'),
(6421, 18, 122, '', '0.5', '2012-11-05 00:00:00.000000', '999'),
(6422, 18, 122, '', '2', '2012-11-05 00:00:00.000000', '999'),
(6423, 18, 131, '', '2', '2012-11-05 00:00:00.000000', '1028'),
(6427, 18, 108, '', '2.5', '2012-11-05 00:00:00.000000', '996'),
(6428, 18, 147, '', '0.25', '2012-11-05 00:00:00.000000', '1059'),
(6436, 18, 108, '', '1', '2012-11-05 00:00:00.000000', '996'),
(6437, 18, 108, '', '1', '2012-11-06 00:00:00.000000', '996'),
(6445, 18, 108, '', '0.75', '2012-11-06 00:00:00.000000', '996'),
(6446, 18, 108, '', '0.25', '2012-11-06 00:00:00.000000', '996'),
(6447, 18, 108, '', '0.25', '2012-11-06 00:00:00.000000', '996'),
(6451, 18, 147, '', '0.25', '2012-11-06 00:00:00.000000', '1059'),
(6456, 18, 134, '', '0.25', '2012-11-06 00:00:00.000000', '1057'),
(6457, 18, 134, '', '0.25', '2012-11-06 00:00:00.000000', '1057'),
(6458, 18, 134, '', '1', '2012-11-06 00:00:00.000000', '1057'),
(6459, 18, 134, '', '0.25', '2012-11-06 00:00:00.000000', '1057'),
(6465, 18, 148, '', '0.5', '2012-11-05 00:00:00.000000', '1076'),
(6466, 18, 148, '', '1.5', '2012-11-06 00:00:00.000000', '1076'),
(6476, 18, 147, '', '0.25', '2012-11-07 00:00:00.000000', '1059'),
(6484, 18, 147, '', '1', '2012-11-07 00:00:00.000000', '1059'),
(6488, 18, 147, '', '0.25', '2012-11-07 00:00:00.000000', '1059'),
(6493, 18, 134, '', '0.25', '2012-11-07 00:00:00.000000', '1057'),
(6494, 18, 134, '', '0.25', '2012-11-07 00:00:00.000000', '1057'),
(6495, 18, 148, '', '0.25', '2012-11-07 00:00:00.000000', '1076'),
(6499, 18, 108, '', '1', '2012-11-07 00:00:00.000000', '996'),
(6500, 18, 108, '', '1', '2012-11-07 00:00:00.000000', '996'),
(6501, 18, 108, '', '1', '2012-11-07 00:00:00.000000', '996'),
(6502, 18, 147, '', '0.25', '2012-11-07 00:00:00.000000', '1059'),
(6510, 18, 108, '', '0.5', '2012-11-08 00:00:00.000000', '996'),
(6519, 18, 108, '', '1.25', '2012-11-08 00:00:00.000000', '996'),
(6520, 18, 108, '', '0.25', '2012-11-08 00:00:00.000000', '996'),
(6525, 18, 147, '', '0.25', '2012-11-08 00:00:00.000000', '1059'),
(6535, 18, 148, '', '0.5', '2012-11-08 00:00:00.000000', '1076'),
(6536, 18, 108, '', '1.25', '2012-11-09 00:00:00.000000', '996'),
(6537, 18, 147, '', '1.25', '2012-11-09 00:00:00.000000', '1059'),
(6538, 18, 134, '', '1.25', '2012-11-09 00:00:00.000000', '1057'),
(6539, 18, 134, '', '0.5', '2012-11-09 00:00:00.000000', '1057'),
(6540, 18, 131, '', '1', '2012-11-09 00:00:00.000000', '1028'),
(6541, 18, 131, '', '0.25', '2012-11-09 00:00:00.000000', '1028'),
(6546, 18, 148, '', '1.25', '2012-11-09 00:00:00.000000', '1076'),
(6547, 18, 148, '', '0.25', '2012-11-09 00:00:00.000000', '1076'),
(6557, 18, 108, '', '0.5', '2012-11-10 00:00:00.000000', '996'),
(6561, 18, 108, '', '2', '2012-11-10 00:00:00.000000', '996'),
(6562, 18, 108, '', '0.25', '2012-11-10 00:00:00.000000', '996'),
(6563, 18, 134, '', '0.25', '2012-11-10 00:00:00.000000', '1057'),
(6564, 18, 147, '', '1', '2012-11-10 00:00:00.000000', '1059'),
(6565, 18, 134, '', '0.5', '2012-11-10 00:00:00.000000', '1057'),
(6566, 18, 134, '', '0.25', '2012-11-10 00:00:00.000000', '1057'),
(6567, 18, 131, '', '2', '2012-11-10 00:00:00.000000', '1028'),
(6588, 18, 131, '', '0.5', '2012-11-11 00:00:00.000000', '1028'),
(6592, 18, 131, '', '0.5', '2012-11-11 00:00:00.000000', '1028'),
(6611, 18, 108, '', '2.25', '2012-11-12 00:00:00.000000', '996'),
(6613, 18, 134, '', '1', '2012-11-12 00:00:00.000000', '1057'),
(6614, 18, 134, '', '0.25', '2012-11-12 00:00:00.000000', '1057'),
(6615, 18, 134, '', '0.25', '2012-11-12 00:00:00.000000', '1057'),
(6624, 18, 108, '', '0.75', '2012-11-12 00:00:00.000000', '996'),
(6627, 18, 148, '', '1', '2012-11-10 00:00:00.000000', '1076'),
(6628, 18, 148, '', '1.5', '2012-11-11 00:00:00.000000', '1076'),
(6629, 18, 148, '', '0.5', '2012-11-12 00:00:00.000000', '1076'),
(6630, 18, 108, '', '0.75', '2012-11-12 00:00:00.000000', '996'),
(6631, 18, 108, '', '1', '2012-11-12 00:00:00.000000', '996'),
(6634, 18, 131, '', '3', '2012-11-12 00:00:00.000000', '1028'),
(6638, 18, 108, '', '0.25', '2012-11-12 00:00:00.000000', '996'),
(6751, 18, 131, '', '0', '2012-11-16 00:00:00.000000', '1316'),
(6752, 18, 147, '', '0.5', '2012-11-16 00:00:00.000000', '1059'),
(6758, 18, 108, '', '1.25', '2012-11-16 00:00:00.000000', '996'),
(6760, 18, 134, '', '1.25', '2012-11-16 00:00:00.000000', '1057'),
(6761, 18, 108, '', '1', '2012-11-16 00:00:00.000000', '996'),
(6763, 18, 147, '', '0.5', '2012-11-16 00:00:00.000000', '1059'),
(6786, 18, 148, '', '0.5', '2012-11-17 00:00:00.000000', '1076'),
(6804, 18, 147, '', '0.5', '2012-11-18 00:00:00.000000', '1059'),
(6849, 18, 108, '', '0.5', '2012-11-19 00:00:00.000000', '996'),
(6850, 18, 108, '', '1', '2012-11-19 00:00:00.000000', '996'),
(6854, 18, 134, '', '0.5', '2012-11-19 00:00:00.000000', '1057'),
(6856, 18, 108, '', '0.5', '2012-11-19 00:00:00.000000', '996'),
(6858, 18, 131, '', '1', '2012-11-19 00:00:00.000000', '1329'),
(6859, 18, 108, '', '2.5', '2012-11-19 00:00:00.000000', '996'),
(6860, 18, 108, '', '0.5', '2012-11-19 00:00:00.000000', '996'),
(6861, 18, 147, '', '1', '2012-11-19 00:00:00.000000', '1059'),
(6862, 18, 147, '', '0.5', '2012-11-19 00:00:00.000000', '1059'),
(6874, 18, 131, '', '0.25', '2012-11-19 00:00:00.000000', '1028'),
(6875, 18, 122, '', '1.5', '2012-11-16 00:00:00.000000', '999'),
(6876, 18, 122, '', '4.5', '2012-11-17 00:00:00.000000', '999'),
(6877, 18, 122, '', '1.5', '2012-11-18 00:00:00.000000', '999'),
(6878, 18, 122, '', '1', '2012-11-18 00:00:00.000000', '999'),
(6880, 18, 108, '', '0.5', '2012-11-19 00:00:00.000000', '996'),
(6881, 18, 108, '', '0.5', '2012-11-19 00:00:00.000000', '996'),
(6902, 18, 147, '', '0.25', '2012-11-20 00:00:00.000000', '1059'),
(6907, 18, 147, '', '0.5', '2012-11-20 00:00:00.000000', '1059'),
(6908, 18, 108, '', '2.5', '2012-11-20 00:00:00.000000', '996'),
(6910, 18, 108, '', '1', '2012-11-21 00:00:00.000000', '996'),
(6913, 18, 134, '', '0.25', '2012-11-20 00:00:00.000000', '1057'),
(6914, 18, 134, '', '0.5', '2012-11-21 00:00:00.000000', '1057'),
(6917, 18, 147, '', '0.5', '2012-11-21 00:00:00.000000', '1059'),
(6919, 18, 108, '', '1.5', '2012-11-21 00:00:00.000000', '996'),
(6924, 18, 108, '', '1', '2012-11-21 00:00:00.000000', '996'),
(6945, 18, 108, '', '0.5', '2012-11-23 00:00:00.000000', '996'),
(6948, 18, 148, '', '0.25', '2012-11-21 00:00:00.000000', '1076'),
(6949, 18, 148, '', '0.25', '2012-11-22 00:00:00.000000', '1076'),
(6953, 18, 108, '', '0.75', '2012-11-22 00:00:00.000000', '996'),
(6954, 18, 108, '', '2', '2012-11-23 00:00:00.000000', '996'),
(6955, 18, 108, '', '2', '2012-11-23 00:00:00.000000', '996'),
(6956, 18, 147, '', '2.5', '2012-11-23 00:00:00.000000', '1059'),
(6957, 18, 147, '', '2', '2012-11-23 00:00:00.000000', '1059'),
(6958, 18, 134, '', '2', '2012-11-23 00:00:00.000000', '1057'),
(6959, 18, 134, '', '2', '2012-11-23 00:00:00.000000', '1057'),
(6960, 18, 148, '', '2', '2012-11-23 00:00:00.000000', '1076'),
(6961, 18, 148, '', '2', '2012-11-23 00:00:00.000000', '1076'),
(6967, 18, 131, '', '4', '2012-11-24 00:00:00.000000', '1028'),
(6968, 18, 131, '', '5', '2012-11-24 00:00:00.000000', '1378'),
(6972, 18, 108, '', '0.25', '2012-11-24 00:00:00.000000', '996'),
(6973, 18, 108, '', '0.25', '2012-11-24 00:00:00.000000', '996'),
(7024, 18, 108, '', '0.5', '2012-11-26 00:00:00.000000', '996'),
(7025, 18, 148, '', '2', '2012-11-25 00:00:00.000000', '1076'),
(7030, 18, 122, '', '4', '2012-11-23 00:00:00.000000', '999'),
(7031, 18, 122, '', '1.5', '2012-11-23 00:00:00.000000', '999'),
(7032, 18, 122, '', '0.5', '2012-11-25 00:00:00.000000', '999'),
(7033, 18, 122, '', '1', '2012-11-21 00:00:00.000000', '999'),
(7035, 18, 147, '', '2', '2012-11-26 00:00:00.000000', '1059'),
(7068, 18, 108, '', '3.5', '2012-11-27 00:00:00.000000', '996'),
(7088, 18, 108, '', '5', '2012-11-28 00:00:00.000000', '996'),
(7095, 18, 147, '', '0.5', '2012-11-28 00:00:00.000000', '1059'),
(7101, 18, 134, '', '2', '2012-11-28 00:00:00.000000', '1057'),
(7119, 18, 108, '', '1', '2012-11-29 00:00:00.000000', '996'),
(7136, 18, 147, '', '2', '2012-11-29 00:00:00.000000', '1059'),
(7137, 18, 147, '', '0.5', '2012-11-29 00:00:00.000000', '1059'),
(7139, 18, 134, '', '0.75', '2012-11-29 00:00:00.000000', '1057'),
(7140, 18, 134, '', '0.5', '2012-11-30 00:00:00.000000', '1057'),
(7144, 18, 147, '', '3', '2012-11-30 00:00:00.000000', '1059'),
(7146, 18, 134, '', '3', '2012-11-30 00:00:00.000000', '1057'),
(7147, 18, 134, '', '0.25', '2012-11-30 00:00:00.000000', '1057'),
(7148, 18, 131, '', '3.5', '2012-11-30 00:00:00.000000', '1028'),
(7149, 18, 131, '', '1.5', '2012-11-30 00:00:00.000000', '1028'),
(7150, 18, 131, '', '1', '2012-11-28 00:00:00.000000', '1028'),
(7214, 18, 134, '', '1.75', '2012-12-03 00:00:00.000000', '1057'),
(7221, 18, 148, '', '1', '2012-11-28 00:00:00.000000', '1076'),
(7222, 18, 148, '', '0.5', '2012-11-30 00:00:00.000000', '1076'),
(7223, 18, 148, '', '2', '2012-11-30 00:00:00.000000', '1076'),
(7224, 18, 148, '', '1', '2012-11-29 00:00:00.000000', '1076'),
(7225, 18, 148, '', '0.5', '2012-11-29 00:00:00.000000', '1076'),
(7234, 18, 122, '', '3', '2012-11-30 00:00:00.000000', '999'),
(7235, 18, 122, '', '1', '2012-12-01 00:00:00.000000', '999'),
(7236, 18, 122, '', '2', '2012-11-27 00:00:00.000000', '999'),
(7272, 18, 108, '', '3', '2012-12-04 00:00:00.000000', '996'),
(7273, 18, 108, '', '0.25', '2012-12-03 00:00:00.000000', '996'),
(7333, 18, 108, '', '1', '2012-12-09 00:00:00.000000', '996'),
(7335, 18, 108, '', '0.25', '2012-12-09 00:00:00.000000', '996'),
(7336, 18, 108, '', '0.25', '2012-12-09 00:00:00.000000', '996'),
(7337, 18, 108, '', '0.25', '2012-12-08 00:00:00.000000', '996'),
(7338, 18, 108, '', '0.25', '2012-12-09 00:00:00.000000', '996'),
(7340, 18, 147, '', '0.25', '2012-12-09 00:00:00.000000', '1059'),
(7341, 18, 147, '', '1.75', '2012-12-09 00:00:00.000000', '1059'),
(7342, 18, 131, '', '2.5', '2012-12-09 00:00:00.000000', '1028'),
(7343, 18, 108, '', '1', '2012-12-09 00:00:00.000000', '996'),
(7383, 18, 131, '', '1', '2012-12-10 00:00:00.000000', '1028'),
(7389, 18, 147, '', '1', '2012-12-10 00:00:00.000000', '1059'),
(7393, 18, 134, '', '1.5', '2012-12-10 00:00:00.000000', '1057'),
(7411, 18, 148, '', '0.25', '2012-12-09 00:00:00.000000', '1076'),
(7412, 18, 148, '', '1.75', '2012-12-09 00:00:00.000000', '1076'),
(7427, 18, 147, '', '0.75', '2012-12-10 00:00:00.000000', '1059'),
(7431, 18, 122, '', '1', '2012-12-09 00:00:00.000000', '999'),
(7503, 18, 108, '', '0.25', '2012-12-16 00:00:00.000000', '996'),
(7537, 18, 148, '', '0.25', '2012-12-11 00:00:00.000000', '1076'),
(7539, 18, 122, '', '1', '2012-12-16 00:00:00.000000', '999'),
(7540, 18, 122, '', '1', '2012-12-09 00:00:00.000000', '999'),
(7541, 18, 122, '', '3', '2012-12-12 00:00:00.000000', '999'),
(7542, 18, 108, '', '1', '2012-12-16 00:00:00.000000', '996'),
(7543, 18, 108, '', '2', '2012-12-12 00:00:00.000000', '996'),
(7693, 18, 108, '', '0.25', '2013-01-10 00:00:00.000000', '996'),
(7694, 18, 108, '', '0.25', '2013-01-10 00:00:00.000000', '996'),
(7695, 18, 108, '', '1', '2013-01-07 00:00:00.000000', '996'),
(7809, 18, 108, '', '0.25', '2013-01-14 00:00:00.000000', '996'),
(7810, 18, 108, '', '0.25', '2013-01-14 00:00:00.000000', '996'),
(7811, 18, 108, '', '1.25', '2013-01-14 00:00:00.000000', '996'),
(7814, 18, 147, '', '1.25', '2013-01-14 00:00:00.000000', '1059'),
(7815, 18, 131, '', '1.5', '2013-01-14 00:00:00.000000', '1028'),
(7817, 18, 134, '', '1.25', '2013-01-14 00:00:00.000000', '1057'),
(7818, 18, 148, '', '1.25', '2013-01-14 00:00:00.000000', '1076'),
(7819, 18, 148, '', '0.25', '2013-01-10 00:00:00.000000', '1076'),
(7827, 18, 122, '', '1', '2012-12-24 00:00:00.000000', '999'),
(7828, 18, 122, '', '1', '2012-12-31 00:00:00.000000', '999'),
(7829, 18, 122, '', '1', '2013-01-07 00:00:00.000000', '999'),
(7830, 18, 122, '', '1.25', '2013-01-14 00:00:00.000000', '999'),
(7854, 18, 134, '', '0.25', '2013-01-15 00:00:00.000000', '1057'),
(7855, 18, 147, '', '2', '2012-12-12 00:00:00.000000', '1059'),
(7865, 18, 147, '', '0.25', '2013-01-16 00:00:00.000000', '1059'),
(7866, 18, 108, '', '1', '2013-01-16 00:00:00.000000', '996'),
(7891, 18, 131, '', '1.5', '2013-01-17 00:00:00.000000', '1395'),
(7892, 18, 131, '', '1', '2013-01-17 00:00:00.000000', '1316'),
(7907, 18, 147, '', '0.25', '2013-01-16 00:00:00.000000', '1059'),
(7924, 18, 147, '', '1.5', '2013-01-18 00:00:00.000000', '1059'),
(7926, 18, 134, '', '1.5', '2013-01-16 00:00:00.000000', '1057'),
(7927, 18, 134, '', '2.5', '2013-01-17 00:00:00.000000', '1057'),
(7928, 18, 134, '', '0.25', '2013-01-18 00:00:00.000000', '1057'),
(7937, 18, 131, '', '12', '2013-01-18 00:00:00.000000', '1378'),
(7939, 18, 134, '', '0.5', '2013-01-18 00:00:00.000000', '1484'),
(8023, 18, 148, '', '0.75', '2013-01-21 00:00:00.000000', '1396'),
(8024, 18, 148, '', '0.25', '2013-01-21 00:00:00.000000', '1162'),
(8027, 18, 148, '', '2.5', '2013-01-20 00:00:00.000000', '1076'),
(8029, 18, 131, '', '1', '2013-01-21 00:00:00.000000', '1405'),
(8050, 18, 108, '', '1.75', '2013-01-21 00:00:00.000000', '996'),
(8052, 18, 134, '', '2.25', '2013-01-21 00:00:00.000000', '1057'),
(8053, 18, 122, '', '2', '2013-01-14 00:00:00.000000', '999'),
(8054, 18, 122, '', '2', '2013-01-20 00:00:00.000000', '999'),
(8055, 18, 108, '', '1', '2013-01-20 00:00:00.000000', '996'),
(8057, 18, 108, '', '0.25', '2013-01-21 00:00:00.000000', '996'),
(8058, 18, 108, '', '0.25', '2013-01-21 00:00:00.000000', '996'),
(8059, 18, 108, '', '1.25', '2013-01-21 00:00:00.000000', '996'),
(8061, 18, 108, '', '0.5', '2013-01-21 00:00:00.000000', '996'),
(8063, 18, 108, '', '0.25', '2013-01-21 00:00:00.000000', '996'),
(8092, 18, 147, '', '0.5', '2013-01-22 00:00:00.000000', '1059'),
(8130, 18, 134, '', '0.25', '2013-01-23 00:00:00.000000', '1057'),
(8132, 18, 108, '', '0.25', '2013-01-23 00:00:00.000000', '996'),
(8165, 18, 134, '', '0.5', '2013-01-25 00:00:00.000000', '1163'),
(8174, 18, 134, '', '0.75', '2013-01-27 00:00:00.000000', '1329'),
(8197, 18, 148, '', '0.5', '2013-01-27 00:00:00.000000', '1076'),
(8198, 18, 148, '', '0.5', '2013-01-28 00:00:00.000000', '1162'),
(8207, 18, 148, '', '2', '2013-01-28 00:00:00.000000', '1076'),
(8208, 18, 134, '', '1.5', '2013-01-28 00:00:00.000000', '1057'),
(8209, 18, 108, '', '2.25', '2013-01-28 00:00:00.000000', '996'),
(8211, 18, 108, '', '1', '2013-01-28 00:00:00.000000', '996'),
(8216, 18, 134, '', '0.25', '2013-01-28 00:00:00.000000', '1329'),
(8223, 18, 122, '', '1.75', '2013-01-21 00:00:00.000000', '999'),
(8224, 18, 122, '', '2', '2013-01-26 00:00:00.000000', '999'),
(8225, 18, 131, '', '8', '2013-01-28 00:00:00.000000', '1493'),
(8226, 18, 131, '', '2', '2013-01-28 00:00:00.000000', '1028'),
(8227, 18, 131, '', '1.75', '2013-01-21 00:00:00.000000', '1028'),
(8229, 18, 108, '', '0.5', '2013-01-28 00:00:00.000000', '996'),
(8255, 18, 134, '', '0.25', '2013-01-30 00:00:00.000000', '1057'),
(8256, 18, 108, '', '0.25', '2013-01-30 00:00:00.000000', '996'),
(8257, 18, 108, '', '0.25', '2013-01-30 00:00:00.000000', '996'),
(8269, 18, 108, '', '3', '2013-01-30 00:00:00.000000', '996'),
(8283, 18, 134, '', '2', '2013-01-31 00:00:00.000000', '1508'),
(8284, 18, 134, '', '1.5', '2013-01-31 00:00:00.000000', '1508'),
(8314, 18, 134, '', '0.75', '2013-02-01 00:00:00.000000', '1508'),
(8328, 18, 108, '', '1', '2013-02-02 00:00:00.000000', '996'),
(8355, 18, 147, '', '1', '2013-02-03 00:00:00.000000', '1059'),
(8359, 18, 134, '', '2', '2013-02-03 00:00:00.000000', '1508'),
(8366, 18, 147, '', '0.75', '2013-02-04 00:00:00.000000', '1379'),
(8367, 18, 147, '', '0.75', '2013-02-04 00:00:00.000000', '1059'),
(8368, 18, 147, '', '0.5', '2013-02-04 00:00:00.000000', '1059'),
(8394, 18, 108, '', '0.75', '2013-02-04 00:00:00.000000', '996'),
(8396, 18, 134, '', '2.5', '2013-02-04 00:00:00.000000', '1508'),
(8397, 18, 108, '', '0.75', '2013-02-04 00:00:00.000000', '996'),
(8399, 18, 148, '', '1', '2013-02-04 00:00:00.000000', '1076'),
(8400, 18, 147, '', '2', '2013-02-04 00:00:00.000000', '1059'),
(8401, 18, 148, '', '2.5', '2013-02-03 00:00:00.000000', '1076'),
(8402, 18, 147, '', '1', '2013-02-04 00:00:00.000000', '1059'),
(8403, 18, 131, '', '14', '2013-02-04 00:00:00.000000', '1504'),
(8404, 18, 131, '', '2', '2013-02-04 00:00:00.000000', '1028'),
(8408, 18, 108, '', '2', '2013-02-04 00:00:00.000000', '996'),
(8409, 18, 108, '', '1', '2013-02-04 00:00:00.000000', '996'),
(8410, 18, 134, '', '2', '2013-02-04 00:00:00.000000', '1057'),
(8411, 18, 122, '', '3', '2013-01-30 00:00:00.000000', '999'),
(8412, 18, 122, '', '2.15', '2013-01-28 00:00:00.000000', '999'),
(8413, 18, 122, '', '5', '2013-02-03 00:00:00.000000', '999'),
(8414, 18, 122, '', '2', '2013-02-03 00:00:00.000000', '999'),
(8415, 18, 108, '', '1.5', '2013-02-04 00:00:00.000000', '996'),
(8435, 18, 147, '', '1.25', '2013-02-04 00:00:00.000000', '1059'),
(8441, 18, 108, '', '1', '2013-02-06 00:00:00.000000', '996'),
(8453, 18, 134, '', '0.5', '2013-02-06 00:00:00.000000', '1508'),
(8459, 18, 108, '', '1', '2013-02-07 00:00:00.000000', '996'),
(8466, 18, 147, '', '0.5', '2013-02-07 00:00:00.000000', '1059'),
(8511, 18, 148, '', '2.5', '2013-02-07 00:00:00.000000', '1528'),
(8515, 18, 148, '', '1', '2013-02-08 00:00:00.000000', '1396'),
(8520, 18, 148, '', '1.5', '2013-02-08 00:00:00.000000', '1292'),
(8521, 18, 147, '', '3.5', '2013-02-08 00:00:00.000000', '1059'),
(8525, 18, 131, '', '8', '2013-02-08 00:00:00.000000', '1504'),
(8529, 18, 134, '', '3', '2013-02-10 00:00:00.000000', '1508'),
(8538, 18, 134, '', '0.5', '2013-02-10 00:00:00.000000', '1057'),
(8562, 18, 134, '', '0.75', '2013-02-11 00:00:00.000000', '1057'),
(8573, 18, 148, '', '7', '2013-02-10 00:00:00.000000', '1528'),
(8576, 18, 148, '', '1.5', '2013-02-11 00:00:00.000000', '1076'),
(8577, 18, 131, '', '4', '2013-02-11 00:00:00.000000', '1028'),
(8578, 18, 131, '', '2', '2013-02-11 00:00:00.000000', '1028'),
(8579, 18, 148, '', '0.5', '2013-02-08 00:00:00.000000', '1076'),
(8580, 18, 148, '', '2', '2013-02-05 00:00:00.000000', '1076'),
(8594, 18, 122, '', '7', '2013-02-10 00:00:00.000000', '999'),
(8598, 18, 108, '', '1', '2013-02-11 00:00:00.000000', '996'),
(8599, 18, 108, '', '2', '2013-02-11 00:00:00.000000', '996'),
(8600, 18, 108, '', '0.5', '2013-02-11 00:00:00.000000', '996'),
(8601, 18, 108, '', '0.25', '2013-02-11 00:00:00.000000', '996'),
(8602, 18, 108, '', '1.5', '2013-02-11 00:00:00.000000', '996'),
(8603, 18, 108, '', '0.25', '2013-02-11 00:00:00.000000', '996'),
(8604, 18, 108, '', '0.25', '2013-02-11 00:00:00.000000', '996'),
(8605, 18, 108, '', '0.25', '2013-02-11 00:00:00.000000', '996'),
(8612, 18, 108, '', '0.5', '2013-02-12 00:00:00.000000', '996'),
(8618, 18, 148, '', '0.5', '2013-02-12 00:00:00.000000', '1076'),
(8619, 18, 147, '', '2.5', '2013-02-11 00:00:00.000000', '1059'),
(8645, 18, 108, '', '1.5', '2013-02-12 00:00:00.000000', '996'),
(8661, 18, 134, '', '1.5', '2013-02-11 00:00:00.000000', '1057'),
(8729, 18, 147, '', '0.25', '2013-02-16 00:00:00.000000', '1059'),
(8730, 18, 134, '', '1', '2013-02-16 00:00:00.000000', '1373'),
(8731, 18, 134, '', '0.5', '2013-02-16 00:00:00.000000', '1508'),
(8739, 18, 147, '', '0.5', '2013-02-17 00:00:00.000000', '1059'),
(8740, 18, 147, '', '2', '2013-02-17 00:00:00.000000', '1059'),
(8744, 18, 147, '', '0.25', '2013-02-17 00:00:00.000000', '1059'),
(8747, 18, 147, '', '1.5', '2013-02-17 00:00:00.000000', '1059'),
(8748, 18, 148, '', '2.25', '2013-02-17 00:00:00.000000', '1536'),
(8749, 18, 148, '', '1', '2013-02-17 00:00:00.000000', '1537'),
(8750, 18, 134, '', '2.5', '2013-02-17 00:00:00.000000', '1373'),
(8754, 18, 147, '', '3', '2013-02-17 00:00:00.000000', '1059'),
(8785, 18, 134, '', '0.25', '2013-02-18 00:00:00.000000', '1057'),
(8788, 18, 134, '', '1.25', '2013-02-18 00:00:00.000000', '1508'),
(8799, 18, 147, '', '1.5', '2013-02-18 00:00:00.000000', '1059'),
(8802, 18, 148, '', '3.5', '2013-02-17 00:00:00.000000', '1528'),
(8803, 18, 148, '', '1', '2013-02-18 00:00:00.000000', '1076'),
(8804, 18, 148, '', '0.5', '2013-02-15 00:00:00.000000', '1076'),
(8837, 18, 147, '', '0.5', '2013-02-20 00:00:00.000000', '1059'),
(8844, 18, 108, '', '1', '2013-02-20 00:00:00.000000', '996'),
(8913, 18, 108, '', '0.25', '2013-02-22 00:00:00.000000', '996'),
(8914, 18, 108, '', '0.25', '2013-02-22 00:00:00.000000', '996'),
(8915, 18, 108, '', '0.5', '2013-02-23 00:00:00.000000', '996'),
(8920, 18, 134, '', '1', '2013-02-18 00:00:00.000000', '1057'),
(8921, 18, 134, '', '0.25', '2013-02-22 00:00:00.000000', '1057'),
(8923, 18, 134, '', '1.75', '2013-02-23 00:00:00.000000', '1508'),
(8933, 18, 147, '', '0.5', '2013-02-24 00:00:00.000000', '1059'),
(8939, 18, 134, '', '1', '2013-02-24 00:00:00.000000', '1508'),
(8940, 18, 134, '', '0.25', '2013-02-24 00:00:00.000000', '1373'),
(8955, 18, 148, '', '0.5', '2013-02-22 00:00:00.000000', '1076'),
(8970, 18, 134, '', '1.25', '2013-02-25 00:00:00.000000', '1508'),
(8971, 18, 131, '', '1', '2013-02-18 00:00:00.000000', '1028'),
(8974, 18, 148, '', '3', '2013-02-24 00:00:00.000000', '1076'),
(8975, 18, 148, '', '2', '2013-02-23 00:00:00.000000', '1528'),
(8976, 18, 147, '', '1', '2013-02-24 00:00:00.000000', '1059'),
(8977, 18, 134, '', '1.5', '2013-02-25 00:00:00.000000', '1373'),
(8978, 18, 131, '', '0.2', '2013-02-25 00:00:00.000000', '1273'),
(8979, 18, 131, '', '0.1', '2013-02-25 00:00:00.000000', '1291'),
(8980, 18, 131, '', '0.1', '2013-02-25 00:00:00.000000', '1291'),
(8981, 18, 147, '', '1.5', '2013-02-25 00:00:00.000000', '1059'),
(8983, 18, 134, '', '2', '2013-02-25 00:00:00.000000', '1057'),
(8984, 18, 134, '', '0.25', '2013-02-25 00:00:00.000000', '1057'),
(9009, 18, 122, '', '2', '2013-02-18 00:00:00.000000', '999'),
(9010, 18, 122, '', '2', '2013-02-25 00:00:00.000000', '999'),
(9011, 18, 122, '', '3', '2013-02-17 00:00:00.000000', '999'),
(9012, 18, 122, '', '3', '2013-02-24 00:00:00.000000', '999'),
(9014, 18, 108, '', '1.5', '2013-02-26 00:00:00.000000', '996'),
(9072, 18, 108, '', '0.5', '2013-02-27 00:00:00.000000', '996'),
(9073, 18, 108, '', '0.25', '2013-02-27 00:00:00.000000', '996'),
(9074, 18, 147, '', '0.25', '2013-02-27 00:00:00.000000', '1059'),
(9075, 18, 147, '', '1', '2013-02-27 00:00:00.000000', '1059'),
(9076, 18, 147, '', '1', '2013-02-27 00:00:00.000000', '1059'),
(9102, 18, 147, '', '1.25', '2013-02-28 00:00:00.000000', '1059'),
(9110, 18, 108, '', '2', '2013-02-28 00:00:00.000000', '996'),
(9155, 18, 134, '', '2', '2013-02-28 00:00:00.000000', '1057'),
(9165, 18, 134, '', '2', '2013-03-02 00:00:00.000000', '1508'),
(9186, 18, 134, '', '0.5', '2013-03-03 00:00:00.000000', '1057'),
(9197, 18, 108, '', '0.5', '2013-03-03 00:00:00.000000', '996'),
(9216, 18, 147, '', '0.25', '2013-03-04 00:00:00.000000', '1059'),
(9218, 18, 108, '', '0.5', '2013-03-04 00:00:00.000000', '996'),
(9223, 18, 134, '', '0.5', '2013-03-04 00:00:00.000000', '1057'),
(9225, 18, 134, '', '0.5', '2013-03-04 00:00:00.000000', '1508'),
(9226, 18, 148, '', '5', '2013-03-03 00:00:00.000000', '1528'),
(9227, 18, 148, '', '0.5', '2013-03-01 00:00:00.000000', '1076'),
(9228, 18, 148, '', '1.5', '2013-03-04 00:00:00.000000', '1076'),
(9230, 18, 147, '', '1', '2013-03-04 00:00:00.000000', '1059'),
(9231, 18, 131, '', '2', '2013-02-25 00:00:00.000000', '1028'),
(9232, 18, 108, '', '3', '2013-03-04 00:00:00.000000', '996'),
(9233, 18, 108, '', '0.5', '2013-03-04 00:00:00.000000', '996'),
(9234, 18, 148, '', '2.5', '2013-03-04 00:00:00.000000', '1076'),
(9239, 18, 108, '', '0.5', '2013-03-04 00:00:00.000000', '996'),
(9240, 18, 108, '', '0.5', '2013-03-04 00:00:00.000000', '996'),
(9251, 18, 147, '', '0.25', '2013-03-04 00:00:00.000000', '1059'),
(9252, 18, 147, '', '3.25', '2013-03-04 00:00:00.000000', '1059'),
(9267, 18, 131, '', '6', '2013-03-05 00:00:00.000000', '1483'),
(9268, 18, 147, '', '0.25', '2013-03-05 00:00:00.000000', '1059'),
(9269, 18, 131, '', '1', '2013-03-05 00:00:00.000000', '1483'),
(9278, 18, 108, '', '0.5', '2013-03-05 00:00:00.000000', '996'),
(9283, 18, 108, '', '0.25', '2013-03-05 00:00:00.000000', '996'),
(9284, 18, 131, '', '1', '2013-03-05 00:00:00.000000', '1028'),
(9303, 18, 148, '', '0.25', '2013-03-05 00:00:00.000000', '1076'),
(9304, 18, 148, '', '3', '2013-03-06 00:00:00.000000', '1076'),
(9308, 18, 147, '', '0.75', '2013-03-06 00:00:00.000000', '1059'),
(9339, 18, 147, '', '0.75', '2013-03-06 00:00:00.000000', '1059'),
(9350, 18, 108, '', '0.5', '2013-03-07 00:00:00.000000', '996'),
(9351, 18, 108, '', '0.5', '2013-03-07 00:00:00.000000', '996'),
(9378, 18, 134, '', '2.25', '2013-03-04 00:00:00.000000', '1057'),
(9379, 18, 134, '', '0.75', '2013-03-08 00:00:00.000000', '1508'),
(9386, 18, 108, '', '2', '2013-03-08 00:00:00.000000', '996'),
(9442, 18, 134, '', '2', '2013-03-10 00:00:00.000000', '1057'),
(9459, 18, 148, '', '0.25', '2013-03-09 00:00:00.000000', '1076'),
(9498, 18, 134, '', '2.75', '2013-03-11 00:00:00.000000', '1057'),
(9501, 18, 108, '', '0.25', '2013-03-11 00:00:00.000000', '996'),
(9502, 18, 108, '', '2', '2013-03-11 00:00:00.000000', '996'),
(9506, 18, 148, '', '2.5', '2013-03-10 00:00:00.000000', '1076'),
(9517, 18, 134, '', '2', '2013-03-11 00:00:00.000000', '1057'),
(9519, 18, 134, '', '1', '2013-03-11 00:00:00.000000', '1057'),
(9598, 18, 134, '', '1.75', '2013-03-12 00:00:00.000000', '1057'),
(9599, 18, 134, '', '0.25', '2013-03-12 00:00:00.000000', '1057'),
(9603, 18, 108, '', '0.5', '2013-03-12 00:00:00.000000', '996'),
(9657, 18, 108, '', '2', '2013-03-12 00:00:00.000000', '996'),
(9660, 18, 108, '', '0.25', '2013-03-13 00:00:00.000000', '996'),
(9669, 18, 108, '', '1', '2013-03-13 00:00:00.000000', '996'),
(9670, 18, 108, '', '0.25', '2013-03-13 00:00:00.000000', '996'),
(9671, 18, 108, '', '0.25', '2013-03-13 00:00:00.000000', '996'),
(9673, 18, 131, '', '5', '2013-03-11 00:00:00.000000', '1504'),
(9674, 18, 131, '', '2', '2013-03-12 00:00:00.000000', '1504'),
(9675, 18, 131, '', '2', '2013-03-11 00:00:00.000000', '1504'),
(9680, 18, 134, '', '0.5', '2013-03-13 00:00:00.000000', '1057'),
(9681, 18, 134, '', '0.25', '2013-03-13 00:00:00.000000', '1057'),
(9781, 18, 148, '', '2', '2013-03-11 00:00:00.000000', '1076'),
(9782, 18, 148, '', '7.5', '2013-03-12 00:00:00.000000', '1076'),
(9783, 18, 148, '', '0.5', '2013-03-13 00:00:00.000000', '1076'),
(9811, 18, 134, '', '0.25', '2013-03-15 00:00:00.000000', '1057'),
(9814, 18, 108, '', '2', '2013-03-15 00:00:00.000000', '996'),
(9817, 18, 108, '', '0.5', '2013-03-15 00:00:00.000000', '996'),
(9833, 18, 147, '', '0.25', '2013-03-16 00:00:00.000000', '1059'),
(9834, 18, 147, '', '0.25', '2013-03-16 00:00:00.000000', '1059'),
(9847, 18, 147, '', '0.25', '2013-03-17 00:00:00.000000', '1059'),
(9848, 18, 147, '', '1.25', '2013-03-17 00:00:00.000000', '1059'),
(9849, 18, 134, '', '0.5', '2013-03-17 00:00:00.000000', '1057'),
(9858, 18, 122, '', '3', '2013-03-09 00:00:00.000000', '999'),
(9859, 18, 122, '', '2', '2013-03-04 00:00:00.000000', '999'),
(9860, 18, 122, '', '2', '2013-03-15 00:00:00.000000', '999'),
(9861, 18, 122, '', '8', '2013-03-17 00:00:00.000000', '999'),
(9863, 18, 134, '', '0.25', '2013-03-18 00:00:00.000000', '1057'),
(9864, 18, 147, '', '1.5', '2013-03-18 00:00:00.000000', '1059'),
(9870, 18, 134, '', '1', '2013-03-18 00:00:00.000000', '1057'),
(9872, 18, 131, '', '1', '2013-03-18 00:00:00.000000', '1028'),
(9873, 18, 131, '', '2', '2013-03-15 00:00:00.000000', '1028'),
(9875, 18, 108, '', '1', '2013-03-18 00:00:00.000000', '996'),
(9876, 18, 108, '', '0.5', '2013-03-18 00:00:00.000000', '996'),
(9877, 18, 108, '', '0.25', '2013-03-18 00:00:00.000000', '996'),
(9878, 18, 147, '', '0.25', '2013-03-18 00:00:00.000000', '1059'),
(9879, 18, 108, '', '2', '2013-03-18 00:00:00.000000', '996'),
(9880, 18, 108, '', '1.5', '2013-03-18 00:00:00.000000', '996'),
(9881, 18, 108, '', '0.5', '2013-03-18 00:00:00.000000', '996'),
(9882, 18, 108, '', '0.25', '2013-03-18 00:00:00.000000', '996'),
(9887, 18, 134, '', '0.25', '2013-03-19 00:00:00.000000', '1057'),
(9900, 18, 147, '', '0.25', '2013-03-21 00:00:00.000000', '1059'),
(9910, 18, 148, '', '4.5', '2013-03-20 00:00:00.000000', '1076'),
(9911, 18, 148, '', '1', '2013-03-19 00:00:00.000000', '1076'),
(9912, 18, 108, '', '2', '2013-03-22 00:00:00.000000', '996'),
(9913, 18, 147, '', '1.25', '2013-03-22 00:00:00.000000', '1059'),
(9914, 18, 134, '', '1.25', '2013-03-22 00:00:00.000000', '1057'),
(9917, 18, 108, '', '0.5', '2013-03-23 00:00:00.000000', '996'),
(9918, 18, 108, '', '4', '2013-03-23 00:00:00.000000', '996'),
(9919, 18, 108, '', '2', '2013-03-23 00:00:00.000000', '996'),
(9922, 18, 148, '', '1.25', '2013-03-22 00:00:00.000000', '1076'),
(9923, 18, 108, '', '1.5', '2013-03-27 00:00:00.000000', '996'),
(9924, 18, 134, '', '1.25', '2013-03-24 00:00:00.000000', '1057'),
(9925, 18, 108, '', '2', '2013-03-27 00:00:00.000000', '996'),
(9934, 18, 108, '', '2', '2013-03-25 00:00:00.000000', '996'),
(9936, 18, 108, '', '1', '2013-03-28 00:00:00.000000', '996'),
(9937, 18, 147, '', '0.75', '2013-03-31 00:00:00.000000', '1059'),
(15437, 56, 307, '', '2', '2014-10-10 00:00:00.000000', ''),
(15441, 56, 307, '', '1.5', '2014-10-10 00:00:00.000000', ''),
(15442, 56, 311, '', '1.5', '2014-10-09 00:00:00.000000', ''),
(15444, 56, 311, '', '1.5', '2014-10-10 00:00:00.000000', ''),
(15445, 56, 309, '', '2.5', '2014-10-10 00:00:00.000000', ''),
(15446, 56, 309, '', '2', '2014-10-09 00:00:00.000000', ''),
(15448, 56, 308, '', '2', '2014-10-09 00:00:00.000000', ''),
(15450, 56, 307, '', '1', '2014-10-10 00:00:00.000000', ''),
(15451, 56, 309, '', '4', '2014-10-10 00:00:00.000000', ''),
(15460, 56, 307, '', '0.5', '2014-10-11 00:00:00.000000', ''),
(15461, 56, 307, '', '0.5', '2014-10-11 00:00:00.000000', ''),
(15467, 56, 309, '', '4.5', '2014-10-11 00:00:00.000000', ''),
(15468, 56, 307, '', '2', '2014-10-11 00:00:00.000000', ''),
(15470, 56, 307, '', '2.5', '2014-10-11 00:00:00.000000', ''),
(15495, 56, 307, '', '2', '2014-10-12 00:00:00.000000', ''),
(15519, 56, 308, '', '1', '2014-10-12 00:00:00.000000', ''),
(15545, 56, 240, '', '2', '2014-10-08 00:00:00.000000', ''),
(15546, 56, 240, '', '2.5', '2014-10-09 00:00:00.000000', ''),
(15552, 56, 240, '', '2', '2014-10-10 00:00:00.000000', ''),
(15556, 56, 310, '', '2', '2014-10-13 00:00:00.000000', ''),
(15557, 56, 310, '', '2', '2014-10-13 00:00:00.000000', ''),
(15587, 56, 309, '', '2.5', '2014-10-14 00:00:00.000000', ''),
(15687, 56, 308, '', '1', '2014-10-19 00:00:00.000000', ''),
(15688, 56, 308, '', '1', '2014-10-19 00:00:00.000000', ''),
(15737, 56, 312, '', '6', '2014-10-20 00:00:00.000000', '2429'),
(15742, 56, 307, '', '1', '2014-10-20 00:00:00.000000', ''),
(15745, 56, 310, '', '2', '2014-10-20 00:00:00.000000', ''),
(15746, 56, 240, '', '2', '2014-10-17 00:00:00.000000', ''),
(15747, 56, 240, '', '1', '2014-10-09 00:00:00.000000', ''),
(15748, 56, 240, '', '1', '2014-10-16 00:00:00.000000', ''),
(15783, 56, 316, '', '4', '2014-10-22 00:00:00.000000', '2431'),
(15824, 56, 307, '', '2', '2014-10-23 00:00:00.000000', '2436'),
(15826, 56, 311, '', '1', '2014-10-23 00:00:00.000000', ''),
(15827, 56, 311, '', '2', '2014-10-23 00:00:00.000000', ''),
(15849, 56, 307, '', '1', '2014-10-25 00:00:00.000000', ''),
(15850, 56, 307, '', '9', '2014-10-25 00:00:00.000000', '2436'),
(15858, 56, 307, '', '3', '2014-10-26 00:00:00.000000', '2436'),
(15861, 56, 311, '', '3', '2014-10-26 00:00:00.000000', ''),
(15864, 56, 312, '', '2', '2014-10-26 00:00:00.000000', '2476'),
(15865, 56, 312, '', '2', '2014-10-26 00:00:00.000000', '2429'),
(15878, 56, 308, '', '2', '2014-10-26 00:00:00.000000', ''),
(15880, 56, 308, '', '20', '2014-10-26 00:00:00.000000', ''),
(15915, 56, 316, '', '8', '2014-10-27 00:00:00.000000', ''),
(15920, 56, 240, '', '2', '2014-10-23 00:00:00.000000', ''),
(15921, 56, 240, '', '1', '2014-10-20 00:00:00.000000', ''),
(15924, 56, 240, '', '2', '2014-10-26 00:00:00.000000', ''),
(15925, 56, 307, '', '1', '2014-10-27 00:00:00.000000', '2436'),
(15926, 56, 310, '', '2', '2014-10-27 00:00:00.000000', ''),
(15928, 56, 310, '', '4', '2014-10-27 00:00:00.000000', ''),
(15929, 56, 307, '', '3', '2014-10-27 00:00:00.000000', ''),
(15935, 56, 311, '', '3', '2014-10-27 00:00:00.000000', ''),
(15998, 56, 307, '', '2', '2014-10-30 00:00:00.000000', ''),
(15999, 56, 307, '', '2', '2014-10-30 00:00:00.000000', '2436'),
(16018, 56, 310, '', '4', '2014-10-31 00:00:00.000000', ''),
(16024, 56, 307, '', '1', '2014-11-01 00:00:00.000000', '2436'),
(16025, 56, 311, '', '2', '2014-10-30 00:00:00.000000', ''),
(16026, 56, 311, '', '2', '2014-11-01 00:00:00.000000', ''),
(16039, 56, 312, '', '2', '2014-11-02 00:00:00.000000', '2492'),
(16040, 56, 312, '', '3', '2014-10-30 00:00:00.000000', '2491'),
(16095, 56, 310, '', '3', '2014-10-30 00:00:00.000000', ''),
(16098, 56, 308, '', '3', '2014-10-30 00:00:00.000000', ''),
(16099, 56, 308, '', '2', '2014-11-02 00:00:00.000000', ''),
(16100, 56, 240, '', '3', '2014-10-01 00:00:00.000000', ''),
(16101, 56, 240, '', '3', '2014-10-30 00:00:00.000000', ''),
(16103, 56, 240, '', '3', '2014-10-29 00:00:00.000000', ''),
(16104, 56, 240, '', '1', '2014-10-27 00:00:00.000000', ''),
(16110, 56, 316, '', '5', '2014-11-03 00:00:00.000000', '2408'),
(16213, 56, 308, '', '3', '2014-11-09 00:00:00.000000', ''),
(16214, 56, 308, '', '3', '2014-11-09 00:00:00.000000', ''),
(16220, 56, 310, '', '3', '2014-11-09 00:00:00.000000', ''),
(16234, 56, 311, '', '3', '2014-11-03 00:00:00.000000', ''),
(16235, 56, 311, '', '3', '2014-11-08 00:00:00.000000', ''),
(16280, 56, 312, '', '4', '2014-11-07 00:00:00.000000', '2429'),
(16281, 56, 312, '', '2', '2014-11-04 00:00:00.000000', '2492'),
(16309, 56, 240, '', '2', '2014-11-03 00:00:00.000000', ''),
(16310, 56, 240, '', '3', '2014-11-08 00:00:00.000000', ''),
(16323, 56, 309, '', '10', '2014-11-09 00:00:00.000000', '2441'),
(16325, 56, 316, '', '10', '2014-11-08 00:00:00.000000', ''),
(16330, 56, 310, '', '4', '2014-11-13 00:00:00.000000', '2434'),
(16359, 56, 312, '', '1', '2014-11-13 00:00:00.000000', '2511'),
(16360, 56, 312, '', '2', '2014-11-14 00:00:00.000000', '2492'),
(16362, 56, 310, '', '1', '2014-11-14 00:00:00.000000', ''),
(16363, 56, 310, '', '4', '2014-11-14 00:00:00.000000', '2434'),
(16367, 56, 307, '', '1.5', '2014-11-15 00:00:00.000000', ''),
(16383, 56, 311, '', '2', '2014-11-13 00:00:00.000000', ''),
(16389, 56, 307, '', '5', '2014-11-16 00:00:00.000000', '2436'),
(16396, 56, 309, '', '10', '2014-11-16 00:00:00.000000', '2441'),
(16397, 56, 309, '', '10', '2014-11-16 00:00:00.000000', '2512'),
(16398, 56, 311, '', '1.5', '2014-11-16 00:00:00.000000', ''),
(16412, 56, 307, '', '3', '2014-11-16 00:00:00.000000', '2436'),
(16449, 56, 308, '', '4', '2014-11-16 00:00:00.000000', ''),
(16455, 56, 307, '', '3', '2014-11-16 00:00:00.000000', '2436'),
(16468, 56, 316, '', '4', '2014-11-16 00:00:00.000000', '2431'),
(16474, 56, 240, '', '2', '2014-11-10 00:00:00.000000', ''),
(16475, 56, 240, '', '2', '2014-11-13 00:00:00.000000', ''),
(16476, 56, 240, '', '4', '2014-11-15 00:00:00.000000', ''),
(16537, 56, 309, '', '1.5', '2014-11-20 00:00:00.000000', '2511'),
(16538, 56, 309, '', '7', '2014-11-20 00:00:00.000000', '2441'),
(16545, 56, 312, '', '3', '2014-11-20 00:00:00.000000', '2518'),
(16555, 56, 307, '', '2', '2014-11-22 00:00:00.000000', ''),
(16558, 56, 307, '', '10', '2014-11-22 00:00:00.000000', '2436'),
(16561, 56, 310, '', '2', '2014-11-20 00:00:00.000000', ''),
(16562, 56, 310, '', '6', '2014-11-23 00:00:00.000000', ''),
(16563, 56, 310, '', '4', '2014-11-23 00:00:00.000000', '2434'),
(16566, 56, 307, '', '8', '2014-11-23 00:00:00.000000', '2436'),
(16568, 56, 309, '', '10', '2014-11-23 00:00:00.000000', '2441'),
(16573, 56, 308, '', '4', '2014-11-23 00:00:00.000000', ''),
(16575, 56, 308, '', '4', '2014-11-23 00:00:00.000000', ''),
(16576, 56, 308, '', '2', '2014-11-23 00:00:00.000000', ''),
(16600, 56, 312, '', '10', '2014-11-23 00:00:00.000000', '2492'),
(16602, 56, 311, '', '3', '2014-11-20 00:00:00.000000', ''),
(16603, 56, 311, '', '3', '2014-11-22 00:00:00.000000', ''),
(16604, 56, 311, '', '3', '2014-11-23 00:00:00.000000', ''),
(16630, 56, 309, '', '2', '2014-11-24 00:00:00.000000', '2491'),
(16631, 56, 309, '', '10', '2014-11-24 00:00:00.000000', '2441'),
(16638, 56, 312, '', '2', '2014-11-24 00:00:00.000000', '2518'),
(16655, 56, 307, '', '1.5', '2014-11-24 00:00:00.000000', ''),
(16656, 56, 307, '', '1', '2014-11-25 00:00:00.000000', ''),
(16660, 56, 240, '', '3', '2014-11-20 00:00:00.000000', ''),
(16661, 56, 240, '', '1', '2014-11-17 00:00:00.000000', ''),
(16662, 56, 240, '', '4', '2014-11-19 00:00:00.000000', ''),
(16663, 56, 240, '', '4', '2014-11-18 00:00:00.000000', ''),
(16671, 56, 316, '', '20', '2014-11-26 00:00:00.000000', ''),
(16691, 56, 307, '', '3', '2014-11-26 00:00:00.000000', ''),
(16694, 56, 307, '', '2', '2014-11-26 00:00:00.000000', '2525'),
(16697, 56, 309, '', '10', '2014-11-26 00:00:00.000000', '2441'),
(16703, 56, 316, '', '12', '2014-11-25 00:00:00.000000', ''),
(16704, 56, 316, '', '12', '2014-11-21 00:00:00.000000', ''),
(16705, 56, 316, '', '4', '2014-11-27 00:00:00.000000', ''),
(16712, 56, 311, '', '2', '2014-11-27 00:00:00.000000', ''),
(16713, 56, 311, '', '5', '2014-11-25 00:00:00.000000', '');
INSERT INTO `individual_work` (`work_id`, `project_id`, `member_id`, `description`, `hours`, `date`, `problems`) VALUES
(16720, 56, 307, '', '2', '2014-11-28 00:00:00.000000', ''),
(16723, 56, 310, '', '4', '2014-11-26 00:00:00.000000', '2434'),
(16724, 56, 310, '', '2', '2014-11-27 00:00:00.000000', '2434'),
(16730, 56, 307, '', '2', '2014-11-28 00:00:00.000000', '2525'),
(16731, 56, 307, '', '6', '2014-11-28 00:00:00.000000', '2525'),
(16732, 56, 309, '', '1', '2014-11-28 00:00:00.000000', '2525'),
(16733, 56, 309, '', '2', '2014-11-28 00:00:00.000000', '2441'),
(16734, 56, 309, '', '2', '2014-11-28 00:00:00.000000', '2491'),
(16744, 56, 308, '', '2', '2014-11-29 00:00:00.000000', ''),
(16745, 56, 308, '', '2', '2014-11-29 00:00:00.000000', ''),
(16751, 56, 310, '', '2', '2014-11-29 00:00:00.000000', ''),
(16771, 56, 312, '', '3', '2014-11-30 00:00:00.000000', '2531'),
(16772, 56, 312, '', '5', '2014-11-25 00:00:00.000000', '2492'),
(16773, 56, 312, '', '6', '2014-11-30 00:00:00.000000', '2492'),
(16776, 56, 307, '', '10', '2014-11-30 00:00:00.000000', '2525'),
(16777, 56, 307, '', '5', '2014-11-30 00:00:00.000000', '2525'),
(16824, 56, 310, '', '4', '2014-12-01 00:00:00.000000', '2434'),
(16842, 56, 309, '', '10', '2014-12-01 00:00:00.000000', '2441'),
(16844, 56, 312, '', '5', '2014-12-01 00:00:00.000000', '2492'),
(16865, 56, 309, '', '10', '2014-12-02 00:00:00.000000', '2441'),
(16870, 56, 240, '', '3', '2014-11-24 00:00:00.000000', ''),
(16871, 56, 240, '', '3', '2014-12-25 00:00:00.000000', ''),
(16872, 56, 240, '', '6', '2014-11-26 00:00:00.000000', ''),
(16873, 56, 240, '', '4', '2014-11-29 00:00:00.000000', ''),
(16874, 56, 240, '', '1', '2014-11-24 00:00:00.000000', ''),
(16882, 56, 309, '', '10', '2014-12-03 00:00:00.000000', '2441'),
(16928, 56, 312, '', '3', '2014-12-04 00:00:00.000000', '2511'),
(16930, 56, 307, '', '3', '2014-12-04 00:00:00.000000', ''),
(16935, 56, 307, '', '4', '2014-12-05 00:00:00.000000', '2525'),
(16954, 56, 307, '', '1', '2014-12-06 00:00:00.000000', '2436'),
(16955, 56, 308, '', '5', '2014-12-06 00:00:00.000000', ''),
(16956, 56, 310, '', '3', '2014-12-05 00:00:00.000000', ''),
(16957, 56, 310, '', '5', '2014-12-06 00:00:00.000000', '2434'),
(16958, 56, 310, '', '8', '2014-12-03 00:00:00.000000', ''),
(16959, 56, 309, '', '2', '2014-12-06 00:00:00.000000', '2440'),
(16960, 56, 309, '', '8', '2014-12-06 00:00:00.000000', '2441'),
(16961, 56, 307, '', '4', '2014-12-06 00:00:00.000000', '2436'),
(16963, 56, 307, '', '10', '2014-12-06 00:00:00.000000', ''),
(16965, 56, 309, '', '2', '2014-12-07 00:00:00.000000', '2440'),
(16966, 56, 309, '', '8', '2014-12-07 00:00:00.000000', '2441'),
(16971, 56, 307, '', '9', '2014-12-07 00:00:00.000000', '2547'),
(16996, 56, 311, '', '4', '2014-12-07 00:00:00.000000', ''),
(17010, 56, 307, '', '11', '2014-12-08 00:00:00.000000', '2547'),
(17044, 56, 309, '', '12', '2014-12-09 00:00:00.000000', '2440'),
(17064, 56, 309, '', '10', '2014-12-10 00:00:00.000000', '2440'),
(17121, 56, 310, '', '4', '2014-12-12 00:00:00.000000', '2434'),
(17122, 56, 310, '', '3', '2014-12-14 00:00:00.000000', '2434'),
(17123, 56, 312, '', '10', '2014-12-14 00:00:00.000000', '2476'),
(17125, 56, 309, '', '10', '2014-12-14 00:00:00.000000', '2440'),
(17127, 56, 307, '', '10', '2014-12-14 00:00:00.000000', '2436'),
(17128, 56, 311, '', '6', '2014-12-14 00:00:00.000000', '2562'),
(17129, 56, 311, '', '6', '2014-12-14 00:00:00.000000', '2438'),
(17206, 56, 311, '', '6', '2014-12-16 00:00:00.000000', '2562'),
(17258, 56, 309, '', '10', '2014-12-21 00:00:00.000000', '2440'),
(17289, 56, 310, '', '10', '2014-12-22 00:00:00.000000', ''),
(17290, 56, 307, '', '6', '2014-12-23 00:00:00.000000', '2547'),
(17298, 56, 309, '', '10', '2014-12-27 00:00:00.000000', '2440'),
(17300, 56, 311, '', '9', '2014-12-27 00:00:00.000000', '2562'),
(17315, 56, 311, '', '6', '2014-12-29 00:00:00.000000', '2562'),
(17341, 56, 309, '', '3', '2014-12-31 00:00:00.000000', '2440'),
(17342, 56, 307, '', '10', '2015-01-01 00:00:00.000000', '2547'),
(17347, 56, 311, '', '4', '2015-01-02 00:00:00.000000', '2562'),
(17348, 56, 307, '', '15', '2015-01-02 00:00:00.000000', '2547'),
(17353, 56, 309, '', '3', '2015-01-02 00:00:00.000000', '2440'),
(17355, 56, 312, '', '10', '2015-01-02 00:00:00.000000', '2429'),
(17361, 56, 309, '', '7', '2015-01-03 00:00:00.000000', '2440'),
(17373, 56, 309, '', '5', '2015-01-05 00:00:00.000000', '2440'),
(17378, 56, 307, '', '10', '2015-01-05 00:00:00.000000', '2525'),
(17382, 56, 310, '', '8', '2015-01-04 00:00:00.000000', '');

-- --------------------------------------------------------

--
-- Rakenne taululle `member`
--

CREATE TABLE IF NOT EXISTS `member` (
  `member_id` int(10) NOT NULL,
  `account` varchar(30) DEFAULT NULL,
  `password` varchar(30) DEFAULT NULL,
  `first_name` varchar(20) DEFAULT NULL,
  `last_name` varchar(20) DEFAULT NULL,
  `level_of_priviledges` int(4) DEFAULT NULL,
  `email` varchar(20) DEFAULT NULL,
  `phonenumber` varchar(255) DEFAULT NULL
) ENGINE=InnoDB DEFAULT CHARSET=latin1;

--
-- Vedos taulusta `member`
--

INSERT INTO `member` (`member_id`, `account`, `password`, `first_name`, `last_name`, `level_of_priviledges`, `email`, `phonenumber`) VALUES
(1, 'Matti', 'password', 'Matti', 'Meikalainen', 1, 'x', 'x'),
(2, 'x', 'x', 'John', 'Doe', 1, 'gg@ddd.com', '12321333'),
(3, 'xxx', 'xxx', 'Jane', 'Doe', 3, 'asdds@dasda.com', 'r32f32323'),
(4, 'ewdfwfe', 'wefef', 'Dude', 'Man', 3, 'dudeman@noob.com', '34344334343434'),
(5, 'feef', 'eeee', 'Rachel', 'Rager', 4, 'rage@noobs.com', '434545');

-- --------------------------------------------------------

--
-- Rakenne taululle `metrics`
--

CREATE TABLE IF NOT EXISTS `metrics` (
  `metric_id` int(10) NOT NULL,
  `metric_name` varchar(10) DEFAULT NULL,
  `metric_descripition` varchar(30) DEFAULT NULL,
  `value_type` int(10) DEFAULT NULL
) ENGINE=InnoDB DEFAULT CHARSET=latin1;

-- --------------------------------------------------------

--
-- Rakenne taululle `metric_values`
--

CREATE TABLE IF NOT EXISTS `metric_values` (
  `project_id` int(10) NOT NULL,
  `metric_id` int(10) NOT NULL,
  `decimal_value` double(10,0) DEFAULT NULL,
  `other_value` varchar(10) DEFAULT NULL,
  `date` datetime(6) DEFAULT NULL
) ENGINE=InnoDB DEFAULT CHARSET=latin1;

-- --------------------------------------------------------

--
-- Rakenne taululle `participation`
--

CREATE TABLE IF NOT EXISTS `participation` (
  `participation_id` int(10) NOT NULL,
  `project_id` int(10) DEFAULT NULL,
  `member_id` int(10) DEFAULT NULL,
  `role` int(4) DEFAULT NULL,
  `starting_date` datetime(6) DEFAULT NULL,
  `ending_date` datetime(6) DEFAULT NULL
) ENGINE=InnoDB DEFAULT CHARSET=latin1;

--
-- Vedos taulusta `participation`
--

INSERT INTO `participation` (`participation_id`, `project_id`, `member_id`, `role`, `starting_date`, `ending_date`) VALUES
(1, 666, 1, 1, '2014-12-02 00:00:00.000000', '2014-12-24 00:00:00.000000'),
(2, 666, 2, 1, NULL, NULL),
(3, 666, 3, 1, NULL, NULL),
(4, 777, 1, 1, NULL, NULL),
(5, 777, 2, 1, NULL, NULL),
(6, 777, 3, 1, NULL, NULL),
(7, 777, 4, 1, NULL, NULL),
(8, 777, 5, 2, NULL, NULL);

-- --------------------------------------------------------

--
-- Rakenne taululle `project`
--

CREATE TABLE IF NOT EXISTS `project` (
  `project_id` int(10) NOT NULL,
  `project_name` varchar(30) NOT NULL,
  `created_on` datetime(6) DEFAULT NULL,
  `updated_on` datetime(6) DEFAULT NULL,
  `status` varchar(50) DEFAULT NULL,
  `version` varchar(50) DEFAULT NULL,
  `discription` varchar(50) DEFAULT NULL
) ENGINE=InnoDB DEFAULT CHARSET=latin1;

--
-- Vedos taulusta `project`
--

INSERT INTO `project` (`project_id`, `project_name`, `created_on`, `updated_on`, `status`, `version`, `discription`) VALUES
(18, 'Majava', '2012-09-13 07:27:31.000000', '2012-09-13 07:27:31.000000', '', '', ''),
(56, 'Metrics Monitoring Tool', '2014-10-04 07:02:50.000000', '2014-10-04 07:02:50.000000', '', '', ''),
(666, 'Best project ever', '2014-12-01 00:00:00.000000', '2014-12-09 00:00:00.000000', 'Active', '1.0.0.5', 'Project description is here!'),
(5773, 'TEST PROJECT', '2027-10-20 14:00:00.000000', '2027-10-20 14:00:00.000000', 'Active', '1.0.3', 'Web-based program for monitoring project metrics\nl');

-- --------------------------------------------------------

--
-- Rakenne taululle `requirement`
--

CREATE TABLE IF NOT EXISTS `requirement` (
  `requirement_id` int(10) NOT NULL,
  `project_id` int(10) DEFAULT NULL,
  `description` varchar(30) DEFAULT NULL,
  `required_working_hours` varchar(10) DEFAULT NULL,
  `date` datetime(6) DEFAULT NULL
) ENGINE=InnoDB DEFAULT CHARSET=latin1;

--
-- Vedos taulusta `requirement`
--

INSERT INTO `requirement` (`requirement_id`, `project_id`, `description`, `required_working_hours`, `date`) VALUES
(996, 18, 'Jounin tunnit, joita ei muissa', '', '2012-09-14 00:00:00.000000'),
(999, 18, '- Tutustuminen ja projektin su', '', '2012-09-09 00:00:00.000000'),
(1028, 18, '', '', '2012-09-19 00:00:00.000000'),
(1057, 18, '', '', '2012-09-18 00:00:00.000000'),
(1059, 18, '', '', '2012-09-22 00:00:00.000000'),
(1076, 18, '', '', '2012-09-18 00:00:00.000000'),
(1161, 18, '', '', '2012-10-09 00:00:00.000000'),
(1328, 18, 'sek opettajien nkymst ', '', '2012-11-19 00:00:00.000000'),
(1405, 18, 'Kytttapausten kirjaaminen ', '', '2012-12-14 00:00:00.000000'),
(2408, 56, 'Define a format for weekly rep', '', '2014-10-12 00:00:00.000000'),
(2409, 56, 'See the issue 2048\r\n\r\nOne who ', '', '2014-10-13 00:00:00.000000'),
(2422, 56, 'The selected data for a projec', '', '2014-10-15 00:00:00.000000'),
(2423, 56, 'A FB-group(s) could be added t', '', '2014-10-15 00:00:00.000000'),
(2429, 56, '', '', '2014-10-20 00:00:00.000000'),
(2431, 56, 'Draw a mockup User Interface (', '', '2014-10-22 00:00:00.000000'),
(2434, 56, 'A FB-group(s) could be added t', '', '2014-10-23 00:00:00.000000'),
(2436, 56, 'The selected data for a projec', '', '2014-10-23 00:00:00.000000'),
(2438, 56, 'Make a database to store the d', '', '2014-10-23 00:00:00.000000'),
(2440, 56, 'Create interactive charts by u', '', '2014-10-23 00:00:00.000000'),
(2441, 56, 'Define a format for weekly rep', '', '2014-10-23 00:00:00.000000'),
(2476, 56, '', '', '2014-10-26 00:00:00.000000'),
(2491, 56, '', '', '2014-11-02 00:00:00.000000'),
(2492, 56, '', '', '2014-11-02 00:00:00.000000'),
(2495, 56, '', '', '2014-11-03 00:00:00.000000'),
(2511, 56, '', '', '2014-11-13 00:00:00.000000'),
(2512, 56, '', '', '2014-11-16 00:00:00.000000'),
(2518, 56, '', '', '2014-11-20 00:00:00.000000'),
(2525, 56, 'Develop the basic login functi', '', '2014-11-25 00:00:00.000000'),
(2531, 56, '', '', '2014-11-30 00:00:00.000000'),
(2547, 56, 'Get the data from Redmine in a', '', '2014-12-04 00:00:00.000000'),
(2548, 666, 'requirement 1', '70', '2014-11-25 00:00:00.000000'),
(2549, 666, 'requirement 2', '40', '2014-11-25 00:00:00.000000'),
(2550, 666, 'requirement 3', '75', '2014-11-25 00:00:00.000000'),
(2551, 777, 'requirement 1', '15', '2014-11-25 00:00:00.000000'),
(2552, 777, 'requirement 2', '25', '2014-11-25 00:00:00.000000'),
(2553, 777, 'requirement 3', '85', '2014-11-25 00:00:00.000000'),
(2562, 56, 'One who has reporting rights t', '', '2014-12-08 00:00:00.000000');

-- --------------------------------------------------------

--
-- Rakenne taululle `weekly_report`
--

CREATE TABLE IF NOT EXISTS `weekly_report` (
  `report_id` int(10) NOT NULL DEFAULT '0',
  `project_id` int(10) NOT NULL,
  `number_of_week` int(10) DEFAULT NULL,
  `project_manager` varchar(2000) DEFAULT NULL,
  `project_phase` varchar(2000) DEFAULT NULL,
  `completed_tasks` varchar(2000) DEFAULT NULL,
  `task_for_nextweek` varchar(2000) DEFAULT NULL,
  `schedule_status` varchar(2000) DEFAULT NULL,
  `next_milestone` varchar(2000) DEFAULT NULL,
  `working_hours` varchar(2000) DEFAULT NULL,
  `requirements` varchar(2000) DEFAULT NULL,
  `unit_testcases` varchar(2000) DEFAULT NULL,
  `other_testcases` varchar(2000) DEFAULT NULL,
  `code_revisions` varchar(2000) DEFAULT NULL,
  `problems` varchar(2000) DEFAULT NULL,
  `changes_in_project_plan` varchar(2000) DEFAULT NULL,
  `things_to_mention` varchar(2000) DEFAULT NULL
) ENGINE=InnoDB DEFAULT CHARSET=latin1;

--
-- Vedos taulusta `weekly_report`
--

INSERT INTO `weekly_report` (`report_id`, `project_id`, `number_of_week`, `project_manager`, `project_phase`, `completed_tasks`, `task_for_nextweek`, `schedule_status`, `next_milestone`, `working_hours`, `requirements`, `unit_testcases`, `other_testcases`, `code_revisions`, `problems`, `changes_in_project_plan`, `things_to_mention`) VALUES
(1, 666, 1, '0,1,2', '', 'x', 'x', 'x', 'x', '35', 'req0,req1,req2,req3', 'x', 'x', 'x', 'x', 'x', 'x'),
(2, 666, 2, '0,1,2', '', 'x', 'x', 'x', 'x', '250', 'req0,req1', 'x', 'x', 'x', 'x', 'x', 'x'),
(3, 666, 3, '0,1,2', '', 'x', 'x', 'x', 'x', '442', 'req2,req3', 'x', 'x', 'x', 'x', 'x', 'x'),
(4, 666, 4, '0,1,2', '', 'x', 'x', 'x', 'x', '612', 'req0,req1,req2,req3', 'x', 'x', 'x', 'x', 'x', 'x'),
(3667, 5773, 3, '[{"name":"Muhammad Qasim","email":"Muhammad.Qasim@uta.fi"},{"name":"Zhang Yichi","email":"zhang.yichi.x@student.uta.fi"},{"name":"Yang Mengyuan","email":"ymykueen@gmail.com"}]', 'Planning and study. this is the phase of the project field.\n', '[{"name":"- Requirements specification meeting with client"},{"name":"- Development environment decided"},{"name":"- Developing outlook built"},{"name":"- Making the project plan"},{"name":"- First version mockup make"}]', '[{"name":"- Editor for reporters to read (weekly report''s) information in"},{"name":"- Development skill study"},{"name":"- Requirements specification"},{"name":"- Define a format for weekly report"},{"name":"- Create interactive charts"},{"name":"- Make a database to store the data"},{"name":"- UI design"}]', '', '[{"name":"milestone 1"},{"name":"milestone 2"}]', '[{"name":"Muhammad Qasim","weekhours":"22","totalhours":"35"},{"name":"Zhang Yichi","weekhours":"5","totalhours":"18"},{"name":"Yang Mengyuan","weekhours":"4","totalhours":"26"},{"name":"Tommi Tuominen","weekhours":"0","totalhours":"18"},{"name":"Shahzad Choudhry","weekhours":"0","totalhours":"9"},{"name":"Saba Jafarzadeh","weekhours":"15","totalhours":"31"},{"name":"Huang Jueran","weekhours":"6","totalhours":"11"},{"name":"Ahsanur Rahman","weekhours":"4","totalhours":"12"}]', '[{"name":"must work"},{"name":"easy to use"},{"name":"annoy users"},{"name":"serve drinks"},{"name":"take money"}]', '[{"name":"test 1"},{"name":"test 2"},{"name":"test 3"}]', '[{"name":"test 1"},{"name":"test 2"},{"name":"test 3"}]', '[{"name":"revision 1"},{"name":"revision 2"}]', '[{"name":"out of beer"},{"name":"out of coke"},{"name":"no free time"}]', '', '');

--
-- Indexes for dumped tables
--

--
-- Indexes for table `individual_work`
--
ALTER TABLE `individual_work`
 ADD PRIMARY KEY (`work_id`), ADD UNIQUE KEY `work_id` (`work_id`);

--
-- Indexes for table `member`
--
ALTER TABLE `member`
 ADD PRIMARY KEY (`member_id`), ADD UNIQUE KEY `member_id` (`member_id`);

--
-- Indexes for table `participation`
--
ALTER TABLE `participation`
 ADD PRIMARY KEY (`participation_id`), ADD UNIQUE KEY `participation_id` (`participation_id`);

--
-- Indexes for table `project`
--
ALTER TABLE `project`
 ADD PRIMARY KEY (`project_id`);

--
-- Indexes for table `requirement`
--
ALTER TABLE `requirement`
 ADD PRIMARY KEY (`requirement_id`);

--
-- Indexes for table `weekly_report`
--
ALTER TABLE `weekly_report`
 ADD PRIMARY KEY (`report_id`), ADD UNIQUE KEY `report_id` (`report_id`), ADD KEY `project_id` (`project_id`);

/*!40101 SET CHARACTER_SET_CLIENT=@OLD_CHARACTER_SET_CLIENT */;
/*!40101 SET CHARACTER_SET_RESULTS=@OLD_CHARACTER_SET_RESULTS */;
/*!40101 SET COLLATION_CONNECTION=@OLD_COLLATION_CONNECTION */;
