-- phpMyAdmin SQL Dump
-- version 4.0.4.1
-- http://www.phpmyadmin.net
--
-- Host: 127.0.0.1
-- Generation Time: Jan 25, 2015 at 06:55 PM
-- Server version: 5.6.11
-- PHP Version: 5.5.1

SET SQL_MODE = "NO_AUTO_VALUE_ON_ZERO";
SET time_zone = "+00:00";


/*!40101 SET @OLD_CHARACTER_SET_CLIENT=@@CHARACTER_SET_CLIENT */;
/*!40101 SET @OLD_CHARACTER_SET_RESULTS=@@CHARACTER_SET_RESULTS */;
/*!40101 SET @OLD_COLLATION_CONNECTION=@@COLLATION_CONNECTION */;
/*!40101 SET NAMES utf8 */;

--
-- Database: `metrics`
--
CREATE DATABASE IF NOT EXISTS `metrics` DEFAULT CHARACTER SET latin1 COLLATE latin1_swedish_ci;
USE `metrics`;

-- --------------------------------------------------------

--
-- Table structure for table `facebook_group`
--

CREATE TABLE IF NOT EXISTS `facebook_group` (
  `group_id` int(20) NOT NULL AUTO_INCREMENT,
  `fgroup_id` varchar(50) CHARACTER SET latin1 DEFAULT NULL,
  `group_name` varchar(50) CHARACTER SET latin1 DEFAULT NULL,
  PRIMARY KEY (`group_id`)
) ENGINE=InnoDB DEFAULT CHARSET=utf8 AUTO_INCREMENT=1 ;

-- --------------------------------------------------------

--
-- Table structure for table `facebook_member`
--

CREATE TABLE IF NOT EXISTS `facebook_member` (
  `member_id` int(10) NOT NULL AUTO_INCREMENT,
  `member_name` varchar(50) CHARACTER SET latin1 DEFAULT NULL,
  `fmember_id` varchar(30) CHARACTER SET latin1 DEFAULT NULL,
  PRIMARY KEY (`member_id`)
) ENGINE=InnoDB DEFAULT CHARSET=utf8 AUTO_INCREMENT=1 ;

-- --------------------------------------------------------

--
-- Table structure for table `individual_work`
--

CREATE TABLE IF NOT EXISTS `individual_work` (
  `work_id` int(10) NOT NULL,
  `name` varchar(50) DEFAULT NULL,
  `project_id` int(10) DEFAULT NULL,
  `member_id` int(10) DEFAULT NULL,
  `description` varchar(300) CHARACTER SET latin1 DEFAULT NULL,
  `hours` varchar(100) CHARACTER SET latin1 DEFAULT NULL,
  `date` datetime(6) DEFAULT NULL,
  `issue_id` varchar(200) DEFAULT NULL,
  PRIMARY KEY (`work_id`)
) ENGINE=InnoDB DEFAULT CHARSET=utf8;

--
-- Dumping data for table `individual_work`
--

INSERT INTO `individual_work` (`work_id`, `name`, `project_id`, `member_id`, `description`, `hours`, `date`, `issue_id`) VALUES
(0, NULL, 55555, 0, 'x', '0', '0000-00-00 00:00:00.000000', '0'),
(5065, NULL, 18, 108, '', '1.5', '2012-09-05 00:00:00.000000', '996'),
(5066, NULL, 18, 108, '', '1.5', '2012-09-12 00:00:00.000000', '996'),
(5067, NULL, 18, 108, '', '0.5', '2012-09-12 00:00:00.000000', '996'),
(5068, NULL, 18, 108, '', '0.5', '2012-09-13 00:00:00.000000', '996'),
(5069, NULL, 18, 108, '', '0.25', '2012-09-13 00:00:00.000000', '996'),
(5070, NULL, 18, 108, '', '0.25', '2012-09-13 00:00:00.000000', '996'),
(5071, NULL, 18, 108, '', '1.25', '2012-09-14 00:00:00.000000', '996'),
(5072, NULL, 18, 108, '', '1', '2012-09-14 00:00:00.000000', '996'),
(5073, NULL, 18, 108, '', '0.5', '2012-09-14 00:00:00.000000', '996'),
(5074, NULL, 18, 108, '', '0.5', '2012-09-14 00:00:00.000000', '996'),
(5078, NULL, 18, 108, '', '1.25', '2012-09-14 00:00:00.000000', '996'),
(5079, NULL, 18, 108, '', '0.5', '2012-09-15 00:00:00.000000', '996'),
(5080, NULL, 18, 108, '', '0.5', '2012-09-15 00:00:00.000000', '996'),
(5082, NULL, 18, 108, '', '3', '2012-09-17 00:00:00.000000', '996'),
(5083, NULL, 18, 108, '', '1', '2012-09-17 00:00:00.000000', '996'),
(5084, NULL, 18, 108, '', '2.5', '2012-09-17 00:00:00.000000', '996'),
(5092, NULL, 18, 108, '', '0.5', '2012-09-17 00:00:00.000000', '996'),
(5093, NULL, 18, 108, '', '0.5', '2012-09-18 00:00:00.000000', '996'),
(5094, NULL, 18, 108, '', '2', '2012-09-18 00:00:00.000000', '996'),
(5120, NULL, 18, 131, '', '1.5', '2012-09-07 00:00:00.000000', '1028'),
(5121, NULL, 18, 131, '', '1.5', '2012-09-14 00:00:00.000000', '1028'),
(5122, NULL, 18, 131, '', '1.5', '2012-09-18 00:00:00.000000', '1028'),
(5145, NULL, 18, 108, '', '1', '2012-09-20 00:00:00.000000', '1038'),
(5146, NULL, 18, 108, '', '3', '2012-09-18 00:00:00.000000', '996'),
(5147, NULL, 18, 108, '', '0.5', '2012-09-19 00:00:00.000000', '996'),
(5148, NULL, 18, 108, '', '0.25', '2012-09-18 00:00:00.000000', '996'),
(5149, NULL, 18, 108, '', '0.5', '2012-09-19 00:00:00.000000', '996'),
(5150, NULL, 18, 108, '', '1', '2012-09-19 00:00:00.000000', '996'),
(5151, NULL, 18, 108, '', '0.25', '2012-09-19 00:00:00.000000', '996'),
(5152, NULL, 18, 108, '', '0.25', '2012-09-19 00:00:00.000000', '996'),
(5153, NULL, 18, 108, '', '0.25', '2012-09-19 00:00:00.000000', '996'),
(5154, NULL, 18, 108, '', '0.75', '2012-09-19 00:00:00.000000', '996'),
(5155, NULL, 18, 108, '', '0.5', '2012-09-20 00:00:00.000000', '996'),
(5156, NULL, 18, 108, '', '0.5', '2012-09-20 00:00:00.000000', '996'),
(5157, NULL, 18, 108, '', '0.25', '2012-09-20 00:00:00.000000', '996'),
(5159, NULL, 18, 108, '', '2.5', '2012-09-20 00:00:00.000000', '996'),
(5161, NULL, 18, 108, '', '2', '2012-09-20 00:00:00.000000', '996'),
(5163, NULL, 18, 122, '', '15', '2012-09-20 00:00:00.000000', '999'),
(5164, NULL, 18, 122, '', '5', '2012-09-20 00:00:00.000000', '999'),
(5165, NULL, 18, 108, '', '1', '2012-09-20 00:00:00.000000', '996'),
(5188, NULL, 18, 108, '', '1', '2012-09-21 00:00:00.000000', '996'),
(5204, NULL, 18, 122, '', '0.5', '2012-09-21 00:00:00.000000', '1039'),
(5205, NULL, 18, 122, '', '0.25', '2012-09-21 00:00:00.000000', '1043'),
(5216, NULL, 18, 134, '', '1.5', '2012-09-22 00:00:00.000000', '1057'),
(5217, NULL, 18, 134, '', '1.5', '2012-09-07 00:00:00.000000', '1057'),
(5218, NULL, 18, 134, '', '1.5', '2012-09-14 00:00:00.000000', '1057'),
(5219, NULL, 18, 134, '', '1', '2012-09-21 00:00:00.000000', '1057'),
(5224, NULL, 18, 147, '', '2', '2012-09-18 00:00:00.000000', '1059'),
(5225, NULL, 18, 147, '', '1.5', '2012-09-14 00:00:00.000000', '1059'),
(5226, NULL, 18, 147, '', '1.5', '2012-09-07 00:00:00.000000', '1059'),
(5233, NULL, 18, 147, '', '0.5', '2012-09-22 00:00:00.000000', '1059'),
(5239, NULL, 18, 131, '', '1', '2012-09-21 00:00:00.000000', '1028'),
(5255, NULL, 18, 134, '', '2', '2012-09-23 00:00:00.000000', '1057'),
(5267, NULL, 18, 108, '', '0.5', '2012-09-23 00:00:00.000000', '996'),
(5278, NULL, 18, 122, '', '1.5', '2012-09-12 00:00:00.000000', '999'),
(5279, NULL, 18, 122, '', '1.5', '2012-09-05 00:00:00.000000', '999'),
(5284, NULL, 18, 108, '', '2.25', '2012-09-24 00:00:00.000000', '996'),
(5285, NULL, 18, 108, '', '0.25', '2012-09-24 00:00:00.000000', '996'),
(5294, NULL, 18, 108, '', '0.75', '2012-09-24 00:00:00.000000', '996'),
(5295, NULL, 18, 108, '', '0.75', '2012-09-24 00:00:00.000000', '996'),
(5303, NULL, 18, 108, '', '1.75', '2012-09-24 00:00:00.000000', '996'),
(5313, NULL, 18, 108, '', '0.5', '2012-09-25 00:00:00.000000', '996'),
(5318, NULL, 18, 122, '', '0.5', '2012-09-25 00:00:00.000000', '999'),
(5323, NULL, 18, 147, '', '1', '2012-09-25 00:00:00.000000', '1059'),
(5338, NULL, 18, 148, '', '1.5', '2012-09-07 00:00:00.000000', '1076'),
(5339, NULL, 18, 148, '', '1.5', '2012-09-14 00:00:00.000000', '1076'),
(5340, NULL, 18, 148, '', '1', '2012-09-21 00:00:00.000000', '1076'),
(5341, NULL, 18, 148, '', '1.5', '2012-09-18 00:00:00.000000', '1076'),
(5342, NULL, 18, 148, '', '2', '2012-09-20 00:00:00.000000', '1076'),
(5343, NULL, 18, 148, '', '2', '2012-09-21 00:00:00.000000', '1076'),
(5349, NULL, 18, 122, '', '1.5', '2012-09-25 00:00:00.000000', '999'),
(5350, NULL, 18, 108, '', '0.75', '2012-09-26 00:00:00.000000', '996'),
(5351, NULL, 18, 108, '', '1.25', '2012-09-25 00:00:00.000000', '996'),
(5353, NULL, 18, 108, '', '0.75', '2012-09-26 00:00:00.000000', '996'),
(5354, NULL, 18, 147, '', '0.75', '2012-09-26 00:00:00.000000', '1059'),
(5355, NULL, 18, 147, '', '0.25', '2012-09-26 00:00:00.000000', '1059'),
(5371, NULL, 18, 108, '', '0.25', '2012-09-27 00:00:00.000000', '996'),
(5402, NULL, 18, 108, '', '1', '2012-09-28 00:00:00.000000', '996'),
(5405, NULL, 18, 147, '', '1', '2012-09-28 00:00:00.000000', '1059'),
(5406, NULL, 18, 108, '', '1', '2012-09-28 00:00:00.000000', '996'),
(5408, NULL, 18, 131, '', '3', '2012-09-27 00:00:00.000000', '1028'),
(5409, NULL, 18, 147, '', '0.25', '2012-09-28 00:00:00.000000', '1059'),
(5410, NULL, 18, 131, '', '1.5', '2012-09-28 00:00:00.000000', '1028'),
(5411, NULL, 18, 131, '', '1', '2012-09-28 00:00:00.000000', '1028'),
(5414, NULL, 18, 134, '', '1.5', '2012-09-28 00:00:00.000000', '1057'),
(5415, NULL, 18, 134, '', '1', '2012-09-28 00:00:00.000000', '1057'),
(5416, NULL, 18, 134, '', '0.25', '2012-09-28 00:00:00.000000', '1057'),
(5420, NULL, 18, 147, '', '1.5', '2012-09-28 00:00:00.000000', '1059'),
(5421, NULL, 18, 108, '', '1', '2012-09-28 00:00:00.000000', '996'),
(5422, NULL, 18, 108, '', '0.5', '2012-09-28 00:00:00.000000', '996'),
(5475, NULL, 18, 134, '', '0.5', '2012-09-30 00:00:00.000000', '1057'),
(5531, NULL, 18, 148, '', '0.5', '2012-09-30 00:00:00.000000', '1076'),
(5533, NULL, 18, 148, '', '1', '2012-10-01 00:00:00.000000', '1076'),
(5534, NULL, 18, 147, '', '1', '2012-10-01 00:00:00.000000', '1059'),
(5538, NULL, 18, 134, '', '1', '2012-10-01 00:00:00.000000', '1057'),
(5539, NULL, 18, 108, '', '1', '2012-10-01 00:00:00.000000', '996'),
(5550, NULL, 18, 122, '', '2.25', '2012-09-30 00:00:00.000000', '999'),
(5551, NULL, 18, 122, '', '1.25', '2012-09-28 00:00:00.000000', '999'),
(5552, NULL, 18, 122, '', '3.5', '2012-09-29 00:00:00.000000', '999'),
(5554, NULL, 18, 108, '', '0.5', '2012-10-01 00:00:00.000000', '996'),
(5555, NULL, 18, 108, '', '0.5', '2012-10-01 00:00:00.000000', '996'),
(5557, NULL, 18, 108, '', '1', '2012-10-01 00:00:00.000000', '996'),
(5567, NULL, 18, 131, '', '1', '2012-10-01 00:00:00.000000', '1028'),
(5616, NULL, 18, 131, '', '3', '2012-10-02 00:00:00.000000', '1028'),
(5637, NULL, 18, 108, '', '0.25', '2012-10-04 00:00:00.000000', '996'),
(5639, NULL, 18, 108, '', '0.5', '2012-10-05 00:00:00.000000', '996'),
(5649, NULL, 18, 148, '', '2.5', '2012-10-05 00:00:00.000000', '1076'),
(5660, NULL, 18, 131, '', '2.5', '2012-10-05 00:00:00.000000', '1028'),
(5661, NULL, 18, 147, '', '2.5', '2012-10-05 00:00:00.000000', '1059'),
(5663, NULL, 18, 108, '', '2.5', '2012-10-05 00:00:00.000000', '996'),
(5673, NULL, 18, 134, '', '2.5', '2012-10-05 00:00:00.000000', '1057'),
(5794, NULL, 18, 108, '', '0.5', '2012-10-11 00:00:00.000000', '996'),
(5811, NULL, 18, 147, '', '2', '2012-10-12 00:00:00.000000', '1059'),
(5812, NULL, 18, 131, '', '3', '2012-10-12 00:00:00.000000', '1028'),
(5817, NULL, 18, 108, '', '3', '2012-10-12 00:00:00.000000', '996'),
(5818, NULL, 18, 108, '', '0.25', '2012-10-12 00:00:00.000000', '996'),
(5819, NULL, 18, 108, '', '0.5', '2012-10-13 00:00:00.000000', '996'),
(5820, NULL, 18, 131, '', '5', '2012-10-13 00:00:00.000000', '1028'),
(5829, NULL, 18, 134, '', '2', '2012-10-12 00:00:00.000000', '1057'),
(5868, NULL, 18, 108, '', '0.5', '2012-10-14 00:00:00.000000', '996'),
(5869, NULL, 18, 108, '', '0.25', '2012-10-13 00:00:00.000000', '0'),
(5877, NULL, 18, 148, '', '2.5', '2012-10-12 00:00:00.000000', '1076'),
(5878, NULL, 18, 122, '', '1', '2012-10-15 00:00:00.000000', '1176'),
(5882, NULL, 18, 147, '', '0.25', '2012-10-15 00:00:00.000000', '1059'),
(5888, NULL, 18, 122, '', '1', '2012-10-15 00:00:00.000000', '999'),
(5889, NULL, 18, 122, '', '1', '2012-10-15 00:00:00.000000', '999'),
(5890, NULL, 18, 122, '', '2.5', '2012-10-12 00:00:00.000000', '999'),
(5891, NULL, 18, 122, '', '1.5', '2012-10-15 00:00:00.000000', '999'),
(5904, NULL, 18, 147, '', '0.75', '2012-10-15 00:00:00.000000', '1059'),
(5905, NULL, 18, 134, '', '2.75', '2012-10-15 00:00:00.000000', '1057'),
(5912, NULL, 18, 147, '', '0.25', '2012-10-15 00:00:00.000000', '1059'),
(5918, NULL, 18, 108, '', '0.25', '2012-10-15 00:00:00.000000', '996'),
(5919, NULL, 18, 108, '', '2', '2012-10-15 00:00:00.000000', '996'),
(5920, NULL, 18, 108, '', '0.25', '2012-10-15 00:00:00.000000', '996'),
(5921, NULL, 18, 108, '', '0.25', '2012-10-15 00:00:00.000000', '996'),
(5922, NULL, 18, 108, '', '1', '2012-10-15 00:00:00.000000', '996'),
(5923, NULL, 18, 108, '', '0.75', '2012-10-15 00:00:00.000000', '996'),
(5924, NULL, 18, 108, '', '2.5', '2012-10-15 00:00:00.000000', '996'),
(5925, NULL, 18, 108, '', '1.5', '2012-10-15 00:00:00.000000', '996'),
(5927, NULL, 18, 147, '', '2.5', '2012-10-16 00:00:00.000000', '1059'),
(5928, NULL, 18, 108, '', '1', '2012-10-16 00:00:00.000000', '996'),
(5929, NULL, 18, 108, '', '1', '2012-10-16 00:00:00.000000', '996'),
(5930, NULL, 18, 134, '', '0.5', '2012-10-16 00:00:00.000000', '1057'),
(5931, NULL, 18, 134, '', '0.25', '2012-10-16 00:00:00.000000', '1057'),
(5932, NULL, 18, 134, '', '0.25', '2012-10-16 00:00:00.000000', '1057'),
(5935, NULL, 18, 147, '', '1.25', '2012-10-16 00:00:00.000000', '1059'),
(5943, NULL, 18, 148, '', '1', '2012-10-17 00:00:00.000000', '1076'),
(5944, NULL, 18, 134, '', '0.5', '2012-10-17 00:00:00.000000', '1057'),
(5945, NULL, 18, 134, '', '0.25', '2012-10-17 00:00:00.000000', '1057'),
(5946, NULL, 18, 147, '', '0.25', '2012-10-17 00:00:00.000000', '1059'),
(5955, NULL, 18, 147, '', '0.25', '2012-10-18 00:00:00.000000', '1059'),
(5974, NULL, 18, 131, '', '3', '2012-10-19 00:00:00.000000', '1028'),
(5976, NULL, 18, 148, '', '3.5', '2012-10-18 00:00:00.000000', '1076'),
(5977, NULL, 18, 148, '', '1', '2012-10-20 00:00:00.000000', '1076'),
(6038, NULL, 18, 148, '', '1.5', '2012-10-23 00:00:00.000000', '1076'),
(6040, NULL, 18, 134, '', '1.5', '2012-10-23 00:00:00.000000', '1057'),
(6059, NULL, 18, 131, '', '1.5', '2012-10-23 00:00:00.000000', '1028'),
(6060, NULL, 18, 131, '', '2', '2012-10-24 00:00:00.000000', '1028'),
(6061, NULL, 18, 108, '', '1.5', '2012-10-24 00:00:00.000000', '996'),
(6062, NULL, 18, 108, '', '2.5', '2012-10-24 00:00:00.000000', '996'),
(6068, NULL, 18, 108, '', '1', '2012-10-25 00:00:00.000000', '996'),
(6073, NULL, 18, 108, '', '1', '2012-10-25 00:00:00.000000', '996'),
(6074, NULL, 18, 108, '', '0.5', '2012-10-25 00:00:00.000000', '996'),
(6118, NULL, 18, 147, '', '2', '2012-10-26 00:00:00.000000', '1059'),
(6121, NULL, 18, 108, '', '2', '2012-10-26 00:00:00.000000', '996'),
(6122, NULL, 18, 108, '', '0.25', '2012-10-26 00:00:00.000000', '996'),
(6124, NULL, 18, 134, '', '2', '2012-10-26 00:00:00.000000', '1057'),
(6125, NULL, 18, 131, '', '3', '2012-10-26 00:00:00.000000', '1028'),
(6126, NULL, 18, 131, '', '1', '2012-10-26 00:00:00.000000', '1028'),
(6127, NULL, 18, 108, '', '0.25', '2012-10-26 00:00:00.000000', '996'),
(6128, NULL, 18, 108, '', '0.5', '2012-10-26 00:00:00.000000', '996'),
(6129, NULL, 18, 108, '', '4', '2012-10-26 00:00:00.000000', '996'),
(6130, NULL, 18, 108, '', '1', '2012-10-26 00:00:00.000000', '996'),
(6133, NULL, 18, 134, '', '0.25', '2012-10-27 00:00:00.000000', '1057'),
(6134, NULL, 18, 147, '', '1', '2012-10-27 00:00:00.000000', '1059'),
(6135, NULL, 18, 108, '', '2', '2012-10-27 00:00:00.000000', '996'),
(6137, NULL, 18, 134, '', '1.5', '2012-10-27 00:00:00.000000', '1057'),
(6177, NULL, 18, 148, '', '2', '2012-10-26 00:00:00.000000', '1076'),
(6178, NULL, 18, 148, '', '1', '2012-10-28 00:00:00.000000', '1076'),
(6208, NULL, 18, 131, '', '1', '2012-10-29 00:00:00.000000', '1028'),
(6224, NULL, 18, 122, '', '2', '2012-10-26 00:00:00.000000', '999'),
(6225, NULL, 18, 122, '', '2.5', '2012-10-24 00:00:00.000000', '999'),
(6226, NULL, 18, 122, '', '3', '2012-10-19 00:00:00.000000', '999'),
(6227, NULL, 18, 122, '', '1', '2012-10-17 00:00:00.000000', '999'),
(6228, NULL, 18, 122, '', '1', '2012-10-28 00:00:00.000000', '999'),
(6229, NULL, 18, 122, '', '1', '2012-10-22 00:00:00.000000', '999'),
(6246, NULL, 18, 108, '', '0.25', '2012-10-30 00:00:00.000000', '996'),
(6250, NULL, 18, 108, '', '1', '2012-10-30 00:00:00.000000', '996'),
(6253, NULL, 18, 108, '', '1', '2012-10-31 00:00:00.000000', '996'),
(6265, NULL, 18, 148, '', '0.25', '2012-10-31 00:00:00.000000', '1076'),
(6286, NULL, 18, 108, '', '0.25', '2012-11-01 00:00:00.000000', '996'),
(6289, NULL, 18, 108, '', '0.5', '2012-11-01 00:00:00.000000', '996'),
(6290, NULL, 18, 108, '', '0.25', '2012-11-01 00:00:00.000000', '996'),
(6292, NULL, 18, 108, '', '0.25', '2012-11-01 00:00:00.000000', '996'),
(6293, NULL, 18, 134, '', '0.25', '2012-11-01 00:00:00.000000', '1057'),
(6301, NULL, 18, 147, '', '0.5', '2012-11-01 00:00:00.000000', '1059'),
(6302, NULL, 18, 108, '', '0.5', '2012-11-01 00:00:00.000000', '996'),
(6311, NULL, 18, 147, '', '2.75', '2012-11-02 00:00:00.000000', '1059'),
(6315, NULL, 18, 108, '', '3', '2012-11-02 00:00:00.000000', '996'),
(6317, NULL, 18, 108, '', '0.5', '2012-11-02 00:00:00.000000', '996'),
(6318, NULL, 18, 108, '', '0.5', '2012-11-02 00:00:00.000000', '996'),
(6331, NULL, 18, 131, '', '1.5', '2012-11-03 00:00:00.000000', '1265'),
(6332, NULL, 18, 134, '', '2.75', '2012-11-03 00:00:00.000000', '1057'),
(6333, NULL, 18, 134, '', '0.25', '2012-11-03 00:00:00.000000', '1057'),
(6334, NULL, 18, 134, '', '0.5', '2012-11-03 00:00:00.000000', '1057'),
(6336, NULL, 18, 108, '', '0.25', '2012-11-03 00:00:00.000000', '996'),
(6344, NULL, 18, 147, '', '0.25', '2012-11-04 00:00:00.000000', '1059'),
(6348, NULL, 18, 134, '', '0.25', '2012-11-04 00:00:00.000000', '1057'),
(6390, NULL, 18, 108, '', '0.5', '2012-11-05 00:00:00.000000', '996'),
(6412, NULL, 18, 131, '', '3', '2012-11-02 00:00:00.000000', '1028'),
(6413, NULL, 18, 147, '', '0.25', '2012-11-05 00:00:00.000000', '1059'),
(6414, NULL, 18, 122, '', '2', '2012-10-31 00:00:00.000000', '999'),
(6415, NULL, 18, 122, '', '3', '2012-11-02 00:00:00.000000', '999'),
(6416, NULL, 18, 122, '', '1', '2012-11-04 00:00:00.000000', '999'),
(6417, NULL, 18, 108, '', '0.5', '2012-11-05 00:00:00.000000', '996'),
(6418, NULL, 18, 108, '', '0.25', '2012-11-05 00:00:00.000000', '996'),
(6419, NULL, 18, 147, '', '1', '2012-11-05 00:00:00.000000', '1059'),
(6420, NULL, 18, 108, '', '0.5', '2012-11-05 00:00:00.000000', '996'),
(6421, NULL, 18, 122, '', '0.5', '2012-11-05 00:00:00.000000', '999'),
(6422, NULL, 18, 122, '', '2', '2012-11-05 00:00:00.000000', '999'),
(6423, NULL, 18, 131, '', '2', '2012-11-05 00:00:00.000000', '1028'),
(6427, NULL, 18, 108, '', '2.5', '2012-11-05 00:00:00.000000', '996'),
(6428, NULL, 18, 147, '', '0.25', '2012-11-05 00:00:00.000000', '1059'),
(6436, NULL, 18, 108, '', '1', '2012-11-05 00:00:00.000000', '996'),
(6437, NULL, 18, 108, '', '1', '2012-11-06 00:00:00.000000', '996'),
(6445, NULL, 18, 108, '', '0.75', '2012-11-06 00:00:00.000000', '996'),
(6446, NULL, 18, 108, '', '0.25', '2012-11-06 00:00:00.000000', '996'),
(6447, NULL, 18, 108, '', '0.25', '2012-11-06 00:00:00.000000', '996'),
(6451, NULL, 18, 147, '', '0.25', '2012-11-06 00:00:00.000000', '1059'),
(6456, NULL, 18, 134, '', '0.25', '2012-11-06 00:00:00.000000', '1057'),
(6457, NULL, 18, 134, '', '0.25', '2012-11-06 00:00:00.000000', '1057'),
(6458, NULL, 18, 134, '', '1', '2012-11-06 00:00:00.000000', '1057'),
(6459, NULL, 18, 134, '', '0.25', '2012-11-06 00:00:00.000000', '1057'),
(6465, NULL, 18, 148, '', '0.5', '2012-11-05 00:00:00.000000', '1076'),
(6466, NULL, 18, 148, '', '1.5', '2012-11-06 00:00:00.000000', '1076'),
(6476, NULL, 18, 147, '', '0.25', '2012-11-07 00:00:00.000000', '1059'),
(6484, NULL, 18, 147, '', '1', '2012-11-07 00:00:00.000000', '1059'),
(6488, NULL, 18, 147, '', '0.25', '2012-11-07 00:00:00.000000', '1059'),
(6493, NULL, 18, 134, '', '0.25', '2012-11-07 00:00:00.000000', '1057'),
(6494, NULL, 18, 134, '', '0.25', '2012-11-07 00:00:00.000000', '1057'),
(6495, NULL, 18, 148, '', '0.25', '2012-11-07 00:00:00.000000', '1076'),
(6499, NULL, 18, 108, '', '1', '2012-11-07 00:00:00.000000', '996'),
(6500, NULL, 18, 108, '', '1', '2012-11-07 00:00:00.000000', '996'),
(6501, NULL, 18, 108, '', '1', '2012-11-07 00:00:00.000000', '996'),
(6502, NULL, 18, 147, '', '0.25', '2012-11-07 00:00:00.000000', '1059'),
(6510, NULL, 18, 108, '', '0.5', '2012-11-08 00:00:00.000000', '996'),
(6519, NULL, 18, 108, '', '1.25', '2012-11-08 00:00:00.000000', '996'),
(6520, NULL, 18, 108, '', '0.25', '2012-11-08 00:00:00.000000', '996'),
(6525, NULL, 18, 147, '', '0.25', '2012-11-08 00:00:00.000000', '1059'),
(6535, NULL, 18, 148, '', '0.5', '2012-11-08 00:00:00.000000', '1076'),
(6536, NULL, 18, 108, '', '1.25', '2012-11-09 00:00:00.000000', '996'),
(6537, NULL, 18, 147, '', '1.25', '2012-11-09 00:00:00.000000', '1059'),
(6538, NULL, 18, 134, '', '1.25', '2012-11-09 00:00:00.000000', '1057'),
(6539, NULL, 18, 134, '', '0.5', '2012-11-09 00:00:00.000000', '1057'),
(6540, NULL, 18, 131, '', '1', '2012-11-09 00:00:00.000000', '1028'),
(6541, NULL, 18, 131, '', '0.25', '2012-11-09 00:00:00.000000', '1028'),
(6546, NULL, 18, 148, '', '1.25', '2012-11-09 00:00:00.000000', '1076'),
(6547, NULL, 18, 148, '', '0.25', '2012-11-09 00:00:00.000000', '1076'),
(6557, NULL, 18, 108, '', '0.5', '2012-11-10 00:00:00.000000', '996'),
(6561, NULL, 18, 108, '', '2', '2012-11-10 00:00:00.000000', '996'),
(6562, NULL, 18, 108, '', '0.25', '2012-11-10 00:00:00.000000', '996'),
(6563, NULL, 18, 134, '', '0.25', '2012-11-10 00:00:00.000000', '1057'),
(6564, NULL, 18, 147, '', '1', '2012-11-10 00:00:00.000000', '1059'),
(6565, NULL, 18, 134, '', '0.5', '2012-11-10 00:00:00.000000', '1057'),
(6566, NULL, 18, 134, '', '0.25', '2012-11-10 00:00:00.000000', '1057'),
(6567, NULL, 18, 131, '', '2', '2012-11-10 00:00:00.000000', '1028'),
(6588, NULL, 18, 131, '', '0.5', '2012-11-11 00:00:00.000000', '1028'),
(6592, NULL, 18, 131, '', '0.5', '2012-11-11 00:00:00.000000', '1028'),
(6611, NULL, 18, 108, '', '2.25', '2012-11-12 00:00:00.000000', '996'),
(6613, NULL, 18, 134, '', '1', '2012-11-12 00:00:00.000000', '1057'),
(6614, NULL, 18, 134, '', '0.25', '2012-11-12 00:00:00.000000', '1057'),
(6615, NULL, 18, 134, '', '0.25', '2012-11-12 00:00:00.000000', '1057'),
(6624, NULL, 18, 108, '', '0.75', '2012-11-12 00:00:00.000000', '996'),
(6627, NULL, 18, 148, '', '1', '2012-11-10 00:00:00.000000', '1076'),
(6628, NULL, 18, 148, '', '1.5', '2012-11-11 00:00:00.000000', '1076'),
(6629, NULL, 18, 148, '', '0.5', '2012-11-12 00:00:00.000000', '1076'),
(6630, NULL, 18, 108, '', '0.75', '2012-11-12 00:00:00.000000', '996'),
(6631, NULL, 18, 108, '', '1', '2012-11-12 00:00:00.000000', '996'),
(6634, NULL, 18, 131, '', '3', '2012-11-12 00:00:00.000000', '1028'),
(6638, NULL, 18, 108, '', '0.25', '2012-11-12 00:00:00.000000', '996'),
(6751, NULL, 18, 131, '', '0', '2012-11-16 00:00:00.000000', '1316'),
(6752, NULL, 18, 147, '', '0.5', '2012-11-16 00:00:00.000000', '1059'),
(6758, NULL, 18, 108, '', '1.25', '2012-11-16 00:00:00.000000', '996'),
(6760, NULL, 18, 134, '', '1.25', '2012-11-16 00:00:00.000000', '1057'),
(6761, NULL, 18, 108, '', '1', '2012-11-16 00:00:00.000000', '996'),
(6763, NULL, 18, 147, '', '0.5', '2012-11-16 00:00:00.000000', '1059'),
(6786, NULL, 18, 148, '', '0.5', '2012-11-17 00:00:00.000000', '1076'),
(6804, NULL, 18, 147, '', '0.5', '2012-11-18 00:00:00.000000', '1059'),
(6849, NULL, 18, 108, '', '0.5', '2012-11-19 00:00:00.000000', '996'),
(6850, NULL, 18, 108, '', '1', '2012-11-19 00:00:00.000000', '996'),
(6854, NULL, 18, 134, '', '0.5', '2012-11-19 00:00:00.000000', '1057'),
(6856, NULL, 18, 108, '', '0.5', '2012-11-19 00:00:00.000000', '996'),
(6858, NULL, 18, 131, '', '1', '2012-11-19 00:00:00.000000', '1329'),
(6859, NULL, 18, 108, '', '2.5', '2012-11-19 00:00:00.000000', '996'),
(6860, NULL, 18, 108, '', '0.5', '2012-11-19 00:00:00.000000', '996'),
(6861, NULL, 18, 147, '', '1', '2012-11-19 00:00:00.000000', '1059'),
(6862, NULL, 18, 147, '', '0.5', '2012-11-19 00:00:00.000000', '1059'),
(6874, NULL, 18, 131, '', '0.25', '2012-11-19 00:00:00.000000', '1028'),
(6875, NULL, 18, 122, '', '1.5', '2012-11-16 00:00:00.000000', '999'),
(6876, NULL, 18, 122, '', '4.5', '2012-11-17 00:00:00.000000', '999'),
(6877, NULL, 18, 122, '', '1.5', '2012-11-18 00:00:00.000000', '999'),
(6878, NULL, 18, 122, '', '1', '2012-11-18 00:00:00.000000', '999'),
(6880, NULL, 18, 108, '', '0.5', '2012-11-19 00:00:00.000000', '996'),
(6881, NULL, 18, 108, '', '0.5', '2012-11-19 00:00:00.000000', '996'),
(6902, NULL, 18, 147, '', '0.25', '2012-11-20 00:00:00.000000', '1059'),
(6907, NULL, 18, 147, '', '0.5', '2012-11-20 00:00:00.000000', '1059'),
(6908, NULL, 18, 108, '', '2.5', '2012-11-20 00:00:00.000000', '996'),
(6910, NULL, 18, 108, '', '1', '2012-11-21 00:00:00.000000', '996'),
(6913, NULL, 18, 134, '', '0.25', '2012-11-20 00:00:00.000000', '1057'),
(6914, NULL, 18, 134, '', '0.5', '2012-11-21 00:00:00.000000', '1057'),
(6917, NULL, 18, 147, '', '0.5', '2012-11-21 00:00:00.000000', '1059'),
(6919, NULL, 18, 108, '', '1.5', '2012-11-21 00:00:00.000000', '996'),
(6924, NULL, 18, 108, '', '1', '2012-11-21 00:00:00.000000', '996'),
(6945, NULL, 18, 108, '', '0.5', '2012-11-23 00:00:00.000000', '996'),
(6948, NULL, 18, 148, '', '0.25', '2012-11-21 00:00:00.000000', '1076'),
(6949, NULL, 18, 148, '', '0.25', '2012-11-22 00:00:00.000000', '1076'),
(6953, NULL, 18, 108, '', '0.75', '2012-11-22 00:00:00.000000', '996'),
(6954, NULL, 18, 108, '', '2', '2012-11-23 00:00:00.000000', '996'),
(6955, NULL, 18, 108, '', '2', '2012-11-23 00:00:00.000000', '996'),
(6956, NULL, 18, 147, '', '2.5', '2012-11-23 00:00:00.000000', '1059'),
(6957, NULL, 18, 147, '', '2', '2012-11-23 00:00:00.000000', '1059'),
(6958, NULL, 18, 134, '', '2', '2012-11-23 00:00:00.000000', '1057'),
(6959, NULL, 18, 134, '', '2', '2012-11-23 00:00:00.000000', '1057'),
(6960, NULL, 18, 148, '', '2', '2012-11-23 00:00:00.000000', '1076'),
(6961, NULL, 18, 148, '', '2', '2012-11-23 00:00:00.000000', '1076'),
(6967, NULL, 18, 131, '', '4', '2012-11-24 00:00:00.000000', '1028'),
(6968, NULL, 18, 131, '', '5', '2012-11-24 00:00:00.000000', '1378'),
(6972, NULL, 18, 108, '', '0.25', '2012-11-24 00:00:00.000000', '996'),
(6973, NULL, 18, 108, '', '0.25', '2012-11-24 00:00:00.000000', '996'),
(7024, NULL, 18, 108, '', '0.5', '2012-11-26 00:00:00.000000', '996'),
(7025, NULL, 18, 148, '', '2', '2012-11-25 00:00:00.000000', '1076'),
(7030, NULL, 18, 122, '', '4', '2012-11-23 00:00:00.000000', '999'),
(7031, NULL, 18, 122, '', '1.5', '2012-11-23 00:00:00.000000', '999'),
(7032, NULL, 18, 122, '', '0.5', '2012-11-25 00:00:00.000000', '999'),
(7033, NULL, 18, 122, '', '1', '2012-11-21 00:00:00.000000', '999'),
(7035, NULL, 18, 147, '', '2', '2012-11-26 00:00:00.000000', '1059'),
(7068, NULL, 18, 108, '', '3.5', '2012-11-27 00:00:00.000000', '996'),
(7088, NULL, 18, 108, '', '5', '2012-11-28 00:00:00.000000', '996'),
(7095, NULL, 18, 147, '', '0.5', '2012-11-28 00:00:00.000000', '1059'),
(7101, NULL, 18, 134, '', '2', '2012-11-28 00:00:00.000000', '1057'),
(7119, NULL, 18, 108, '', '1', '2012-11-29 00:00:00.000000', '996'),
(7136, NULL, 18, 147, '', '2', '2012-11-29 00:00:00.000000', '1059'),
(7137, NULL, 18, 147, '', '0.5', '2012-11-29 00:00:00.000000', '1059'),
(7139, NULL, 18, 134, '', '0.75', '2012-11-29 00:00:00.000000', '1057'),
(7140, NULL, 18, 134, '', '0.5', '2012-11-30 00:00:00.000000', '1057'),
(7144, NULL, 18, 147, '', '3', '2012-11-30 00:00:00.000000', '1059'),
(7146, NULL, 18, 134, '', '3', '2012-11-30 00:00:00.000000', '1057'),
(7147, NULL, 18, 134, '', '0.25', '2012-11-30 00:00:00.000000', '1057'),
(7148, NULL, 18, 131, '', '3.5', '2012-11-30 00:00:00.000000', '1028'),
(7149, NULL, 18, 131, '', '1.5', '2012-11-30 00:00:00.000000', '1028'),
(7150, NULL, 18, 131, '', '1', '2012-11-28 00:00:00.000000', '1028'),
(7214, NULL, 18, 134, '', '1.75', '2012-12-03 00:00:00.000000', '1057'),
(7221, NULL, 18, 148, '', '1', '2012-11-28 00:00:00.000000', '1076'),
(7222, NULL, 18, 148, '', '0.5', '2012-11-30 00:00:00.000000', '1076'),
(7223, NULL, 18, 148, '', '2', '2012-11-30 00:00:00.000000', '1076'),
(7224, NULL, 18, 148, '', '1', '2012-11-29 00:00:00.000000', '1076'),
(7225, NULL, 18, 148, '', '0.5', '2012-11-29 00:00:00.000000', '1076'),
(7234, NULL, 18, 122, '', '3', '2012-11-30 00:00:00.000000', '999'),
(7235, NULL, 18, 122, '', '1', '2012-12-01 00:00:00.000000', '999'),
(7236, NULL, 18, 122, '', '2', '2012-11-27 00:00:00.000000', '999'),
(7272, NULL, 18, 108, '', '3', '2012-12-04 00:00:00.000000', '996'),
(7273, NULL, 18, 108, '', '0.25', '2012-12-03 00:00:00.000000', '996'),
(7333, NULL, 18, 108, '', '1', '2012-12-09 00:00:00.000000', '996'),
(7335, NULL, 18, 108, '', '0.25', '2012-12-09 00:00:00.000000', '996'),
(7336, NULL, 18, 108, '', '0.25', '2012-12-09 00:00:00.000000', '996'),
(7337, NULL, 18, 108, '', '0.25', '2012-12-08 00:00:00.000000', '996'),
(7338, NULL, 18, 108, '', '0.25', '2012-12-09 00:00:00.000000', '996'),
(7340, NULL, 18, 147, '', '0.25', '2012-12-09 00:00:00.000000', '1059'),
(7341, NULL, 18, 147, '', '1.75', '2012-12-09 00:00:00.000000', '1059'),
(7342, NULL, 18, 131, '', '2.5', '2012-12-09 00:00:00.000000', '1028'),
(7343, NULL, 18, 108, '', '1', '2012-12-09 00:00:00.000000', '996'),
(7383, NULL, 18, 131, '', '1', '2012-12-10 00:00:00.000000', '1028'),
(7389, NULL, 18, 147, '', '1', '2012-12-10 00:00:00.000000', '1059'),
(7393, NULL, 18, 134, '', '1.5', '2012-12-10 00:00:00.000000', '1057'),
(7411, NULL, 18, 148, '', '0.25', '2012-12-09 00:00:00.000000', '1076'),
(7412, NULL, 18, 148, '', '1.75', '2012-12-09 00:00:00.000000', '1076'),
(7427, NULL, 18, 147, '', '0.75', '2012-12-10 00:00:00.000000', '1059'),
(7431, NULL, 18, 122, '', '1', '2012-12-09 00:00:00.000000', '999'),
(7503, NULL, 18, 108, '', '0.25', '2012-12-16 00:00:00.000000', '996'),
(7537, NULL, 18, 148, '', '0.25', '2012-12-11 00:00:00.000000', '1076'),
(7539, NULL, 18, 122, '', '1', '2012-12-16 00:00:00.000000', '999'),
(7540, NULL, 18, 122, '', '1', '2012-12-09 00:00:00.000000', '999'),
(7541, NULL, 18, 122, '', '3', '2012-12-12 00:00:00.000000', '999'),
(7542, NULL, 18, 108, '', '1', '2012-12-16 00:00:00.000000', '996'),
(7543, NULL, 18, 108, '', '2', '2012-12-12 00:00:00.000000', '996'),
(7693, NULL, 18, 108, '', '0.25', '2013-01-10 00:00:00.000000', '996'),
(7694, NULL, 18, 108, '', '0.25', '2013-01-10 00:00:00.000000', '996'),
(7695, NULL, 18, 108, '', '1', '2013-01-07 00:00:00.000000', '996'),
(7809, NULL, 18, 108, '', '0.25', '2013-01-14 00:00:00.000000', '996'),
(7810, NULL, 18, 108, '', '0.25', '2013-01-14 00:00:00.000000', '996'),
(7811, NULL, 18, 108, '', '1.25', '2013-01-14 00:00:00.000000', '996'),
(7814, NULL, 18, 147, '', '1.25', '2013-01-14 00:00:00.000000', '1059'),
(7815, NULL, 18, 131, '', '1.5', '2013-01-14 00:00:00.000000', '1028'),
(7817, NULL, 18, 134, '', '1.25', '2013-01-14 00:00:00.000000', '1057'),
(7818, NULL, 18, 148, '', '1.25', '2013-01-14 00:00:00.000000', '1076'),
(7819, NULL, 18, 148, '', '0.25', '2013-01-10 00:00:00.000000', '1076'),
(7827, NULL, 18, 122, '', '1', '2012-12-24 00:00:00.000000', '999'),
(7828, NULL, 18, 122, '', '1', '2012-12-31 00:00:00.000000', '999'),
(7829, NULL, 18, 122, '', '1', '2013-01-07 00:00:00.000000', '999'),
(7830, NULL, 18, 122, '', '1.25', '2013-01-14 00:00:00.000000', '999'),
(7854, NULL, 18, 134, '', '0.25', '2013-01-15 00:00:00.000000', '1057'),
(7855, NULL, 18, 147, '', '2', '2012-12-12 00:00:00.000000', '1059'),
(7865, NULL, 18, 147, '', '0.25', '2013-01-16 00:00:00.000000', '1059'),
(7866, NULL, 18, 108, '', '1', '2013-01-16 00:00:00.000000', '996'),
(7891, NULL, 18, 131, '', '1.5', '2013-01-17 00:00:00.000000', '1395'),
(7892, NULL, 18, 131, '', '1', '2013-01-17 00:00:00.000000', '1316'),
(7907, NULL, 18, 147, '', '0.25', '2013-01-16 00:00:00.000000', '1059'),
(7924, NULL, 18, 147, '', '1.5', '2013-01-18 00:00:00.000000', '1059'),
(7926, NULL, 18, 134, '', '1.5', '2013-01-16 00:00:00.000000', '1057'),
(7927, NULL, 18, 134, '', '2.5', '2013-01-17 00:00:00.000000', '1057'),
(7928, NULL, 18, 134, '', '0.25', '2013-01-18 00:00:00.000000', '1057'),
(7937, NULL, 18, 131, '', '12', '2013-01-18 00:00:00.000000', '1378'),
(7939, NULL, 18, 134, '', '0.5', '2013-01-18 00:00:00.000000', '1484'),
(8023, NULL, 18, 148, '', '0.75', '2013-01-21 00:00:00.000000', '1396'),
(8024, NULL, 18, 148, '', '0.25', '2013-01-21 00:00:00.000000', '1162'),
(8027, NULL, 18, 148, '', '2.5', '2013-01-20 00:00:00.000000', '1076'),
(8029, NULL, 18, 131, '', '1', '2013-01-21 00:00:00.000000', '1405'),
(8050, NULL, 18, 108, '', '1.75', '2013-01-21 00:00:00.000000', '996'),
(8052, NULL, 18, 134, '', '2.25', '2013-01-21 00:00:00.000000', '1057'),
(8053, NULL, 18, 122, '', '2', '2013-01-14 00:00:00.000000', '999'),
(8054, NULL, 18, 122, '', '2', '2013-01-20 00:00:00.000000', '999'),
(8055, NULL, 18, 108, '', '1', '2013-01-20 00:00:00.000000', '996'),
(8057, NULL, 18, 108, '', '0.25', '2013-01-21 00:00:00.000000', '996'),
(8058, NULL, 18, 108, '', '0.25', '2013-01-21 00:00:00.000000', '996'),
(8059, NULL, 18, 108, '', '1.25', '2013-01-21 00:00:00.000000', '996'),
(8061, NULL, 18, 108, '', '0.5', '2013-01-21 00:00:00.000000', '996'),
(8063, NULL, 18, 108, '', '0.25', '2013-01-21 00:00:00.000000', '996'),
(8092, NULL, 18, 147, '', '0.5', '2013-01-22 00:00:00.000000', '1059'),
(8130, NULL, 18, 134, '', '0.25', '2013-01-23 00:00:00.000000', '1057'),
(8132, NULL, 18, 108, '', '0.25', '2013-01-23 00:00:00.000000', '996'),
(8165, NULL, 18, 134, '', '0.5', '2013-01-25 00:00:00.000000', '1163'),
(8174, NULL, 18, 134, '', '0.75', '2013-01-27 00:00:00.000000', '1329'),
(8197, NULL, 18, 148, '', '0.5', '2013-01-27 00:00:00.000000', '1076'),
(8198, NULL, 18, 148, '', '0.5', '2013-01-28 00:00:00.000000', '1162'),
(8207, NULL, 18, 148, '', '2', '2013-01-28 00:00:00.000000', '1076'),
(8208, NULL, 18, 134, '', '1.5', '2013-01-28 00:00:00.000000', '1057'),
(8209, NULL, 18, 108, '', '2.25', '2013-01-28 00:00:00.000000', '996'),
(8211, NULL, 18, 108, '', '1', '2013-01-28 00:00:00.000000', '996'),
(8216, NULL, 18, 134, '', '0.25', '2013-01-28 00:00:00.000000', '1329'),
(8223, NULL, 18, 122, '', '1.75', '2013-01-21 00:00:00.000000', '999'),
(8224, NULL, 18, 122, '', '2', '2013-01-26 00:00:00.000000', '999'),
(8225, NULL, 18, 131, '', '8', '2013-01-28 00:00:00.000000', '1493'),
(8226, NULL, 18, 131, '', '2', '2013-01-28 00:00:00.000000', '1028'),
(8227, NULL, 18, 131, '', '1.75', '2013-01-21 00:00:00.000000', '1028'),
(8229, NULL, 18, 108, '', '0.5', '2013-01-28 00:00:00.000000', '996'),
(8255, NULL, 18, 134, '', '0.25', '2013-01-30 00:00:00.000000', '1057'),
(8256, NULL, 18, 108, '', '0.25', '2013-01-30 00:00:00.000000', '996'),
(8257, NULL, 18, 108, '', '0.25', '2013-01-30 00:00:00.000000', '996'),
(8269, NULL, 18, 108, '', '3', '2013-01-30 00:00:00.000000', '996'),
(8283, NULL, 18, 134, '', '2', '2013-01-31 00:00:00.000000', '1508'),
(8284, NULL, 18, 134, '', '1.5', '2013-01-31 00:00:00.000000', '1508'),
(8314, NULL, 18, 134, '', '0.75', '2013-02-01 00:00:00.000000', '1508'),
(8328, NULL, 18, 108, '', '1', '2013-02-02 00:00:00.000000', '996'),
(8355, NULL, 18, 147, '', '1', '2013-02-03 00:00:00.000000', '1059'),
(8359, NULL, 18, 134, '', '2', '2013-02-03 00:00:00.000000', '1508'),
(8366, NULL, 18, 147, '', '0.75', '2013-02-04 00:00:00.000000', '1379'),
(8367, NULL, 18, 147, '', '0.75', '2013-02-04 00:00:00.000000', '1059'),
(8368, NULL, 18, 147, '', '0.5', '2013-02-04 00:00:00.000000', '1059'),
(8394, NULL, 18, 108, '', '0.75', '2013-02-04 00:00:00.000000', '996'),
(8396, NULL, 18, 134, '', '2.5', '2013-02-04 00:00:00.000000', '1508'),
(8397, NULL, 18, 108, '', '0.75', '2013-02-04 00:00:00.000000', '996'),
(8399, NULL, 18, 148, '', '1', '2013-02-04 00:00:00.000000', '1076'),
(8400, NULL, 18, 147, '', '2', '2013-02-04 00:00:00.000000', '1059'),
(8401, NULL, 18, 148, '', '2.5', '2013-02-03 00:00:00.000000', '1076'),
(8402, NULL, 18, 147, '', '1', '2013-02-04 00:00:00.000000', '1059'),
(8403, NULL, 18, 131, '', '14', '2013-02-04 00:00:00.000000', '1504'),
(8404, NULL, 18, 131, '', '2', '2013-02-04 00:00:00.000000', '1028'),
(8408, NULL, 18, 108, '', '2', '2013-02-04 00:00:00.000000', '996'),
(8409, NULL, 18, 108, '', '1', '2013-02-04 00:00:00.000000', '996'),
(8410, NULL, 18, 134, '', '2', '2013-02-04 00:00:00.000000', '1057'),
(8411, NULL, 18, 122, '', '3', '2013-01-30 00:00:00.000000', '999'),
(8412, NULL, 18, 122, '', '2.15', '2013-01-28 00:00:00.000000', '999'),
(8413, NULL, 18, 122, '', '5', '2013-02-03 00:00:00.000000', '999'),
(8414, NULL, 18, 122, '', '2', '2013-02-03 00:00:00.000000', '999'),
(8415, NULL, 18, 108, '', '1.5', '2013-02-04 00:00:00.000000', '996'),
(8435, NULL, 18, 147, '', '1.25', '2013-02-04 00:00:00.000000', '1059'),
(8441, NULL, 18, 108, '', '1', '2013-02-06 00:00:00.000000', '996'),
(8453, NULL, 18, 134, '', '0.5', '2013-02-06 00:00:00.000000', '1508'),
(8459, NULL, 18, 108, '', '1', '2013-02-07 00:00:00.000000', '996'),
(8466, NULL, 18, 147, '', '0.5', '2013-02-07 00:00:00.000000', '1059'),
(8511, NULL, 18, 148, '', '2.5', '2013-02-07 00:00:00.000000', '1528'),
(8515, NULL, 18, 148, '', '1', '2013-02-08 00:00:00.000000', '1396'),
(8520, NULL, 18, 148, '', '1.5', '2013-02-08 00:00:00.000000', '1292'),
(8521, NULL, 18, 147, '', '3.5', '2013-02-08 00:00:00.000000', '1059'),
(8525, NULL, 18, 131, '', '8', '2013-02-08 00:00:00.000000', '1504'),
(8529, NULL, 18, 134, '', '3', '2013-02-10 00:00:00.000000', '1508'),
(8538, NULL, 18, 134, '', '0.5', '2013-02-10 00:00:00.000000', '1057'),
(8562, NULL, 18, 134, '', '0.75', '2013-02-11 00:00:00.000000', '1057'),
(8573, NULL, 18, 148, '', '7', '2013-02-10 00:00:00.000000', '1528'),
(8576, NULL, 18, 148, '', '1.5', '2013-02-11 00:00:00.000000', '1076'),
(8577, NULL, 18, 131, '', '4', '2013-02-11 00:00:00.000000', '1028'),
(8578, NULL, 18, 131, '', '2', '2013-02-11 00:00:00.000000', '1028'),
(8579, NULL, 18, 148, '', '0.5', '2013-02-08 00:00:00.000000', '1076'),
(8580, NULL, 18, 148, '', '2', '2013-02-05 00:00:00.000000', '1076'),
(8594, NULL, 18, 122, '', '7', '2013-02-10 00:00:00.000000', '999'),
(8598, NULL, 18, 108, '', '1', '2013-02-11 00:00:00.000000', '996'),
(8599, NULL, 18, 108, '', '2', '2013-02-11 00:00:00.000000', '996'),
(8600, NULL, 18, 108, '', '0.5', '2013-02-11 00:00:00.000000', '996'),
(8601, NULL, 18, 108, '', '0.25', '2013-02-11 00:00:00.000000', '996'),
(8602, NULL, 18, 108, '', '1.5', '2013-02-11 00:00:00.000000', '996'),
(8603, NULL, 18, 108, '', '0.25', '2013-02-11 00:00:00.000000', '996'),
(8604, NULL, 18, 108, '', '0.25', '2013-02-11 00:00:00.000000', '996'),
(8605, NULL, 18, 108, '', '0.25', '2013-02-11 00:00:00.000000', '996'),
(8612, NULL, 18, 108, '', '0.5', '2013-02-12 00:00:00.000000', '996'),
(8618, NULL, 18, 148, '', '0.5', '2013-02-12 00:00:00.000000', '1076'),
(8619, NULL, 18, 147, '', '2.5', '2013-02-11 00:00:00.000000', '1059'),
(8645, NULL, 18, 108, '', '1.5', '2013-02-12 00:00:00.000000', '996'),
(8661, NULL, 18, 134, '', '1.5', '2013-02-11 00:00:00.000000', '1057'),
(8729, NULL, 18, 147, '', '0.25', '2013-02-16 00:00:00.000000', '1059'),
(8730, NULL, 18, 134, '', '1', '2013-02-16 00:00:00.000000', '1373'),
(8731, NULL, 18, 134, '', '0.5', '2013-02-16 00:00:00.000000', '1508'),
(8739, NULL, 18, 147, '', '0.5', '2013-02-17 00:00:00.000000', '1059'),
(8740, NULL, 18, 147, '', '2', '2013-02-17 00:00:00.000000', '1059'),
(8744, NULL, 18, 147, '', '0.25', '2013-02-17 00:00:00.000000', '1059'),
(8747, NULL, 18, 147, '', '1.5', '2013-02-17 00:00:00.000000', '1059'),
(8748, NULL, 18, 148, '', '2.25', '2013-02-17 00:00:00.000000', '1536'),
(8749, NULL, 18, 148, '', '1', '2013-02-17 00:00:00.000000', '1537'),
(8750, NULL, 18, 134, '', '2.5', '2013-02-17 00:00:00.000000', '1373'),
(8754, NULL, 18, 147, '', '3', '2013-02-17 00:00:00.000000', '1059'),
(8785, NULL, 18, 134, '', '0.25', '2013-02-18 00:00:00.000000', '1057'),
(8788, NULL, 18, 134, '', '1.25', '2013-02-18 00:00:00.000000', '1508'),
(8799, NULL, 18, 147, '', '1.5', '2013-02-18 00:00:00.000000', '1059'),
(8802, NULL, 18, 148, '', '3.5', '2013-02-17 00:00:00.000000', '1528'),
(8803, NULL, 18, 148, '', '1', '2013-02-18 00:00:00.000000', '1076'),
(8804, NULL, 18, 148, '', '0.5', '2013-02-15 00:00:00.000000', '1076'),
(8837, NULL, 18, 147, '', '0.5', '2013-02-20 00:00:00.000000', '1059'),
(8844, NULL, 18, 108, '', '1', '2013-02-20 00:00:00.000000', '996'),
(8913, NULL, 18, 108, '', '0.25', '2013-02-22 00:00:00.000000', '996'),
(8914, NULL, 18, 108, '', '0.25', '2013-02-22 00:00:00.000000', '996'),
(8915, NULL, 18, 108, '', '0.5', '2013-02-23 00:00:00.000000', '996'),
(8920, NULL, 18, 134, '', '1', '2013-02-18 00:00:00.000000', '1057'),
(8921, NULL, 18, 134, '', '0.25', '2013-02-22 00:00:00.000000', '1057'),
(8923, NULL, 18, 134, '', '1.75', '2013-02-23 00:00:00.000000', '1508'),
(8933, NULL, 18, 147, '', '0.5', '2013-02-24 00:00:00.000000', '1059'),
(8939, NULL, 18, 134, '', '1', '2013-02-24 00:00:00.000000', '1508'),
(8940, NULL, 18, 134, '', '0.25', '2013-02-24 00:00:00.000000', '1373'),
(8955, NULL, 18, 148, '', '0.5', '2013-02-22 00:00:00.000000', '1076'),
(8970, NULL, 18, 134, '', '1.25', '2013-02-25 00:00:00.000000', '1508'),
(8971, NULL, 18, 131, '', '1', '2013-02-18 00:00:00.000000', '1028'),
(8974, NULL, 18, 148, '', '3', '2013-02-24 00:00:00.000000', '1076'),
(8975, NULL, 18, 148, '', '2', '2013-02-23 00:00:00.000000', '1528'),
(8976, NULL, 18, 147, '', '1', '2013-02-24 00:00:00.000000', '1059'),
(8977, NULL, 18, 134, '', '1.5', '2013-02-25 00:00:00.000000', '1373'),
(8978, NULL, 18, 131, '', '0.2', '2013-02-25 00:00:00.000000', '1273'),
(8979, NULL, 18, 131, '', '0.1', '2013-02-25 00:00:00.000000', '1291'),
(8980, NULL, 18, 131, '', '0.1', '2013-02-25 00:00:00.000000', '1291'),
(8981, NULL, 18, 147, '', '1.5', '2013-02-25 00:00:00.000000', '1059'),
(8983, NULL, 18, 134, '', '2', '2013-02-25 00:00:00.000000', '1057'),
(8984, NULL, 18, 134, '', '0.25', '2013-02-25 00:00:00.000000', '1057'),
(9009, NULL, 18, 122, '', '2', '2013-02-18 00:00:00.000000', '999'),
(9010, NULL, 18, 122, '', '2', '2013-02-25 00:00:00.000000', '999'),
(9011, NULL, 18, 122, '', '3', '2013-02-17 00:00:00.000000', '999'),
(9012, NULL, 18, 122, '', '3', '2013-02-24 00:00:00.000000', '999'),
(9014, NULL, 18, 108, '', '1.5', '2013-02-26 00:00:00.000000', '996'),
(9072, NULL, 18, 108, '', '0.5', '2013-02-27 00:00:00.000000', '996'),
(9073, NULL, 18, 108, '', '0.25', '2013-02-27 00:00:00.000000', '996'),
(9074, NULL, 18, 147, '', '0.25', '2013-02-27 00:00:00.000000', '1059'),
(9075, NULL, 18, 147, '', '1', '2013-02-27 00:00:00.000000', '1059'),
(9076, NULL, 18, 147, '', '1', '2013-02-27 00:00:00.000000', '1059'),
(9102, NULL, 18, 147, '', '1.25', '2013-02-28 00:00:00.000000', '1059'),
(9110, NULL, 18, 108, '', '2', '2013-02-28 00:00:00.000000', '996'),
(9155, NULL, 18, 134, '', '2', '2013-02-28 00:00:00.000000', '1057'),
(9165, NULL, 18, 134, '', '2', '2013-03-02 00:00:00.000000', '1508'),
(9186, NULL, 18, 134, '', '0.5', '2013-03-03 00:00:00.000000', '1057'),
(9197, NULL, 18, 108, '', '0.5', '2013-03-03 00:00:00.000000', '996'),
(9216, NULL, 18, 147, '', '0.25', '2013-03-04 00:00:00.000000', '1059'),
(9218, NULL, 18, 108, '', '0.5', '2013-03-04 00:00:00.000000', '996'),
(9223, NULL, 18, 134, '', '0.5', '2013-03-04 00:00:00.000000', '1057'),
(9225, NULL, 18, 134, '', '0.5', '2013-03-04 00:00:00.000000', '1508'),
(9226, NULL, 18, 148, '', '5', '2013-03-03 00:00:00.000000', '1528'),
(9227, NULL, 18, 148, '', '0.5', '2013-03-01 00:00:00.000000', '1076'),
(9228, NULL, 18, 148, '', '1.5', '2013-03-04 00:00:00.000000', '1076'),
(9230, NULL, 18, 147, '', '1', '2013-03-04 00:00:00.000000', '1059'),
(9231, NULL, 18, 131, '', '2', '2013-02-25 00:00:00.000000', '1028'),
(9232, NULL, 18, 108, '', '3', '2013-03-04 00:00:00.000000', '996'),
(9233, NULL, 18, 108, '', '0.5', '2013-03-04 00:00:00.000000', '996'),
(9234, NULL, 18, 148, '', '2.5', '2013-03-04 00:00:00.000000', '1076'),
(9239, NULL, 18, 108, '', '0.5', '2013-03-04 00:00:00.000000', '996'),
(9240, NULL, 18, 108, '', '0.5', '2013-03-04 00:00:00.000000', '996'),
(9251, NULL, 18, 147, '', '0.25', '2013-03-04 00:00:00.000000', '1059'),
(9252, NULL, 18, 147, '', '3.25', '2013-03-04 00:00:00.000000', '1059'),
(9267, NULL, 18, 131, '', '6', '2013-03-05 00:00:00.000000', '1483'),
(9268, NULL, 18, 147, '', '0.25', '2013-03-05 00:00:00.000000', '1059'),
(9269, NULL, 18, 131, '', '1', '2013-03-05 00:00:00.000000', '1483'),
(9278, NULL, 18, 108, '', '0.5', '2013-03-05 00:00:00.000000', '996'),
(9283, NULL, 18, 108, '', '0.25', '2013-03-05 00:00:00.000000', '996'),
(9284, NULL, 18, 131, '', '1', '2013-03-05 00:00:00.000000', '1028'),
(9303, NULL, 18, 148, '', '0.25', '2013-03-05 00:00:00.000000', '1076'),
(9304, NULL, 18, 148, '', '3', '2013-03-06 00:00:00.000000', '1076'),
(9308, NULL, 18, 147, '', '0.75', '2013-03-06 00:00:00.000000', '1059'),
(9339, NULL, 18, 147, '', '0.75', '2013-03-06 00:00:00.000000', '1059'),
(9350, NULL, 18, 108, '', '0.5', '2013-03-07 00:00:00.000000', '996'),
(9351, NULL, 18, 108, '', '0.5', '2013-03-07 00:00:00.000000', '996'),
(9378, NULL, 18, 134, '', '2.25', '2013-03-04 00:00:00.000000', '1057'),
(9379, NULL, 18, 134, '', '0.75', '2013-03-08 00:00:00.000000', '1508'),
(9386, NULL, 18, 108, '', '2', '2013-03-08 00:00:00.000000', '996'),
(9442, NULL, 18, 134, '', '2', '2013-03-10 00:00:00.000000', '1057'),
(9459, NULL, 18, 148, '', '0.25', '2013-03-09 00:00:00.000000', '1076'),
(9498, NULL, 18, 134, '', '2.75', '2013-03-11 00:00:00.000000', '1057'),
(9501, NULL, 18, 108, '', '0.25', '2013-03-11 00:00:00.000000', '996'),
(9502, NULL, 18, 108, '', '2', '2013-03-11 00:00:00.000000', '996'),
(9506, NULL, 18, 148, '', '2.5', '2013-03-10 00:00:00.000000', '1076'),
(9517, NULL, 18, 134, '', '2', '2013-03-11 00:00:00.000000', '1057'),
(9519, NULL, 18, 134, '', '1', '2013-03-11 00:00:00.000000', '1057'),
(9598, NULL, 18, 134, '', '1.75', '2013-03-12 00:00:00.000000', '1057'),
(9599, NULL, 18, 134, '', '0.25', '2013-03-12 00:00:00.000000', '1057'),
(9603, NULL, 18, 108, '', '0.5', '2013-03-12 00:00:00.000000', '996'),
(9657, NULL, 18, 108, '', '2', '2013-03-12 00:00:00.000000', '996'),
(9660, NULL, 18, 108, '', '0.25', '2013-03-13 00:00:00.000000', '996'),
(9669, NULL, 18, 108, '', '1', '2013-03-13 00:00:00.000000', '996'),
(9670, NULL, 18, 108, '', '0.25', '2013-03-13 00:00:00.000000', '996'),
(9671, NULL, 18, 108, '', '0.25', '2013-03-13 00:00:00.000000', '996'),
(9673, NULL, 18, 131, '', '5', '2013-03-11 00:00:00.000000', '1504'),
(9674, NULL, 18, 131, '', '2', '2013-03-12 00:00:00.000000', '1504'),
(9675, NULL, 18, 131, '', '2', '2013-03-11 00:00:00.000000', '1504'),
(9680, NULL, 18, 134, '', '0.5', '2013-03-13 00:00:00.000000', '1057'),
(9681, NULL, 18, 134, '', '0.25', '2013-03-13 00:00:00.000000', '1057'),
(9781, NULL, 18, 148, '', '2', '2013-03-11 00:00:00.000000', '1076'),
(9782, NULL, 18, 148, '', '7.5', '2013-03-12 00:00:00.000000', '1076'),
(9783, NULL, 18, 148, '', '0.5', '2013-03-13 00:00:00.000000', '1076'),
(9811, NULL, 18, 134, '', '0.25', '2013-03-15 00:00:00.000000', '1057'),
(9814, NULL, 18, 108, '', '2', '2013-03-15 00:00:00.000000', '996'),
(9817, NULL, 18, 108, '', '0.5', '2013-03-15 00:00:00.000000', '996'),
(9833, NULL, 18, 147, '', '0.25', '2013-03-16 00:00:00.000000', '1059'),
(9834, NULL, 18, 147, '', '0.25', '2013-03-16 00:00:00.000000', '1059'),
(9847, NULL, 18, 147, '', '0.25', '2013-03-17 00:00:00.000000', '1059'),
(9848, NULL, 18, 147, '', '1.25', '2013-03-17 00:00:00.000000', '1059'),
(9849, NULL, 18, 134, '', '0.5', '2013-03-17 00:00:00.000000', '1057'),
(9858, NULL, 18, 122, '', '3', '2013-03-09 00:00:00.000000', '999'),
(9859, NULL, 18, 122, '', '2', '2013-03-04 00:00:00.000000', '999'),
(9860, NULL, 18, 122, '', '2', '2013-03-15 00:00:00.000000', '999'),
(9861, NULL, 18, 122, '', '8', '2013-03-17 00:00:00.000000', '999'),
(9863, NULL, 18, 134, '', '0.25', '2013-03-18 00:00:00.000000', '1057'),
(9864, NULL, 18, 147, '', '1.5', '2013-03-18 00:00:00.000000', '1059'),
(9870, NULL, 18, 134, '', '1', '2013-03-18 00:00:00.000000', '1057'),
(9872, NULL, 18, 131, '', '1', '2013-03-18 00:00:00.000000', '1028'),
(9873, NULL, 18, 131, '', '2', '2013-03-15 00:00:00.000000', '1028'),
(9875, NULL, 18, 108, '', '1', '2013-03-18 00:00:00.000000', '996'),
(9876, NULL, 18, 108, '', '0.5', '2013-03-18 00:00:00.000000', '996'),
(9877, NULL, 18, 108, '', '0.25', '2013-03-18 00:00:00.000000', '996'),
(9878, NULL, 18, 147, '', '0.25', '2013-03-18 00:00:00.000000', '1059'),
(9879, NULL, 18, 108, '', '2', '2013-03-18 00:00:00.000000', '996'),
(9880, NULL, 18, 108, '', '1.5', '2013-03-18 00:00:00.000000', '996'),
(9881, NULL, 18, 108, '', '0.5', '2013-03-18 00:00:00.000000', '996'),
(9882, NULL, 18, 108, '', '0.25', '2013-03-18 00:00:00.000000', '996'),
(9887, NULL, 18, 134, '', '0.25', '2013-03-19 00:00:00.000000', '1057'),
(9900, NULL, 18, 147, '', '0.25', '2013-03-21 00:00:00.000000', '1059'),
(9910, NULL, 18, 148, '', '4.5', '2013-03-20 00:00:00.000000', '1076'),
(9911, NULL, 18, 148, '', '1', '2013-03-19 00:00:00.000000', '1076'),
(9912, NULL, 18, 108, '', '2', '2013-03-22 00:00:00.000000', '996'),
(9913, NULL, 18, 147, '', '1.25', '2013-03-22 00:00:00.000000', '1059'),
(9914, NULL, 18, 134, '', '1.25', '2013-03-22 00:00:00.000000', '1057'),
(9917, NULL, 18, 108, '', '0.5', '2013-03-23 00:00:00.000000', '996'),
(9918, NULL, 18, 108, '', '4', '2013-03-23 00:00:00.000000', '996'),
(9919, NULL, 18, 108, '', '2', '2013-03-23 00:00:00.000000', '996'),
(9922, NULL, 18, 148, '', '1.25', '2013-03-22 00:00:00.000000', '1076'),
(9923, NULL, 18, 108, '', '1.5', '2013-03-27 00:00:00.000000', '996'),
(9924, NULL, 18, 134, '', '1.25', '2013-03-24 00:00:00.000000', '1057'),
(9925, NULL, 18, 108, '', '2', '2013-03-27 00:00:00.000000', '996'),
(9934, NULL, 18, 108, '', '2', '2013-03-25 00:00:00.000000', '996'),
(9936, NULL, 18, 108, '', '1', '2013-03-28 00:00:00.000000', '996'),
(9937, NULL, 18, 147, '', '0.75', '2013-03-31 00:00:00.000000', '1059'),
(15437, NULL, 56, 307, '', '2', '2014-10-10 00:00:00.000000', '0'),
(15441, NULL, 56, 307, '', '1.5', '2014-10-10 00:00:00.000000', '0'),
(15442, NULL, 56, 311, '', '1.5', '2014-10-09 00:00:00.000000', '0'),
(15444, NULL, 56, 311, '', '1.5', '2014-10-10 00:00:00.000000', '0'),
(15445, NULL, 56, 309, '', '2.5', '2014-10-10 00:00:00.000000', '0'),
(15446, NULL, 56, 309, '', '2', '2014-10-09 00:00:00.000000', '0'),
(15448, NULL, 56, 308, '', '2', '2014-10-09 00:00:00.000000', '0'),
(15450, NULL, 56, 307, '', '1', '2014-10-10 00:00:00.000000', '0'),
(15451, NULL, 56, 309, '', '4', '2014-10-10 00:00:00.000000', '0'),
(15460, NULL, 56, 307, '', '0.5', '2014-10-11 00:00:00.000000', '0'),
(15461, NULL, 56, 307, '', '0.5', '2014-10-11 00:00:00.000000', '0'),
(15467, NULL, 56, 309, '', '4.5', '2014-10-11 00:00:00.000000', '0'),
(15468, NULL, 56, 307, '', '2', '2014-10-11 00:00:00.000000', '0'),
(15470, NULL, 56, 307, '', '2.5', '2014-10-11 00:00:00.000000', '0'),
(15495, NULL, 56, 307, '', '2', '2014-10-12 00:00:00.000000', '0'),
(15519, NULL, 56, 308, '', '1', '2014-10-12 00:00:00.000000', '0'),
(15545, NULL, 56, 240, '', '2', '2014-10-08 00:00:00.000000', '0'),
(15546, NULL, 56, 240, '', '2.5', '2014-10-09 00:00:00.000000', '0'),
(15552, NULL, 56, 240, '', '2', '2014-10-10 00:00:00.000000', '0'),
(15556, NULL, 56, 310, '', '2', '2014-10-13 00:00:00.000000', '0'),
(15557, NULL, 56, 310, '', '2', '2014-10-13 00:00:00.000000', '0'),
(15587, NULL, 56, 309, '', '2.5', '2014-10-14 00:00:00.000000', '0'),
(15687, NULL, 56, 308, '', '1', '2014-10-19 00:00:00.000000', '0'),
(15688, NULL, 56, 308, '', '1', '2014-10-19 00:00:00.000000', '0'),
(15737, NULL, 56, 312, '', '6', '2014-10-20 00:00:00.000000', '2429'),
(15742, NULL, 56, 307, '', '1', '2014-10-20 00:00:00.000000', '0'),
(15745, NULL, 56, 310, '', '2', '2014-10-20 00:00:00.000000', '0'),
(15746, NULL, 56, 240, '', '2', '2014-10-17 00:00:00.000000', '0'),
(15747, NULL, 56, 240, '', '1', '2014-10-09 00:00:00.000000', '0'),
(15748, NULL, 56, 240, '', '1', '2014-10-16 00:00:00.000000', '0'),
(15783, NULL, 56, 316, '', '4', '2014-10-22 00:00:00.000000', '2431'),
(15824, NULL, 56, 307, '', '2', '2014-10-23 00:00:00.000000', '2436'),
(15826, NULL, 56, 311, '', '1', '2014-10-23 00:00:00.000000', '0'),
(15827, NULL, 56, 311, '', '2', '2014-10-23 00:00:00.000000', '0'),
(15849, NULL, 56, 307, '', '1', '2014-10-25 00:00:00.000000', '0'),
(15850, NULL, 56, 307, '', '9', '2014-10-25 00:00:00.000000', '2436'),
(15858, NULL, 56, 307, '', '3', '2014-10-26 00:00:00.000000', '2436'),
(15861, NULL, 56, 311, '', '3', '2014-10-26 00:00:00.000000', '0'),
(15864, NULL, 56, 312, '', '2', '2014-10-26 00:00:00.000000', '2476'),
(15865, NULL, 56, 312, '', '2', '2014-10-26 00:00:00.000000', '2429'),
(15878, NULL, 56, 308, '', '2', '2014-10-26 00:00:00.000000', '0'),
(15880, NULL, 56, 308, '', '20', '2014-10-26 00:00:00.000000', '0'),
(15915, NULL, 56, 316, '', '8', '2014-10-27 00:00:00.000000', '0'),
(15920, NULL, 56, 240, '', '2', '2014-10-23 00:00:00.000000', '0'),
(15921, NULL, 56, 240, '', '1', '2014-10-20 00:00:00.000000', '0'),
(15924, NULL, 56, 240, '', '2', '2014-10-26 00:00:00.000000', '0'),
(15925, NULL, 56, 307, '', '1', '2014-10-27 00:00:00.000000', '2436'),
(15926, NULL, 56, 310, '', '2', '2014-10-27 00:00:00.000000', '0'),
(15928, NULL, 56, 310, '', '4', '2014-10-27 00:00:00.000000', '0'),
(15929, NULL, 56, 307, '', '3', '2014-10-27 00:00:00.000000', '0'),
(15935, NULL, 56, 311, '', '3', '2014-10-27 00:00:00.000000', '0'),
(15998, NULL, 56, 307, '', '2', '2014-10-30 00:00:00.000000', '0'),
(15999, NULL, 56, 307, '', '2', '2014-10-30 00:00:00.000000', '2436'),
(16018, NULL, 56, 310, '', '4', '2014-10-31 00:00:00.000000', '0'),
(16024, NULL, 56, 307, '', '1', '2014-11-01 00:00:00.000000', '2436'),
(16025, NULL, 56, 311, '', '2', '2014-10-30 00:00:00.000000', '0'),
(16026, NULL, 56, 311, '', '2', '2014-11-01 00:00:00.000000', '0'),
(16039, NULL, 56, 312, '', '2', '2014-11-02 00:00:00.000000', '2492'),
(16040, NULL, 56, 312, '', '3', '2014-10-30 00:00:00.000000', '2491'),
(16095, NULL, 56, 310, '', '3', '2014-10-30 00:00:00.000000', '0');
INSERT INTO `individual_work` (`work_id`, `name`, `project_id`, `member_id`, `description`, `hours`, `date`, `issue_id`) VALUES
(16098, NULL, 56, 308, '', '3', '2014-10-30 00:00:00.000000', '0'),
(16099, NULL, 56, 308, '', '2', '2014-11-02 00:00:00.000000', '0'),
(16100, NULL, 56, 240, '', '3', '2014-10-01 00:00:00.000000', '0'),
(16101, NULL, 56, 240, '', '3', '2014-10-30 00:00:00.000000', '0'),
(16103, NULL, 56, 240, '', '3', '2014-10-29 00:00:00.000000', '0'),
(16104, NULL, 56, 240, '', '1', '2014-10-27 00:00:00.000000', '0'),
(16110, NULL, 56, 316, '', '5', '2014-11-03 00:00:00.000000', '2408'),
(16213, NULL, 56, 308, '', '3', '2014-11-09 00:00:00.000000', '0'),
(16214, NULL, 56, 308, '', '3', '2014-11-09 00:00:00.000000', '0'),
(16220, NULL, 56, 310, '', '3', '2014-11-09 00:00:00.000000', '0'),
(16234, NULL, 56, 311, '', '3', '2014-11-03 00:00:00.000000', '0'),
(16235, NULL, 56, 311, '', '3', '2014-11-08 00:00:00.000000', '0'),
(16280, NULL, 56, 312, '', '4', '2014-11-07 00:00:00.000000', '2429'),
(16281, NULL, 56, 312, '', '2', '2014-11-04 00:00:00.000000', '2492'),
(16309, NULL, 56, 240, '', '2', '2014-11-03 00:00:00.000000', '0'),
(16310, NULL, 56, 240, '', '3', '2014-11-08 00:00:00.000000', '0'),
(16323, NULL, 56, 309, '', '10', '2014-11-09 00:00:00.000000', '2441'),
(16325, NULL, 56, 316, '', '10', '2014-11-08 00:00:00.000000', '0'),
(16330, NULL, 56, 310, '', '4', '2014-11-13 00:00:00.000000', '2434'),
(16359, NULL, 56, 312, '', '1', '2014-11-13 00:00:00.000000', '2511'),
(16360, NULL, 56, 312, '', '2', '2014-11-14 00:00:00.000000', '2492'),
(16362, NULL, 56, 310, '', '1', '2014-11-14 00:00:00.000000', '0'),
(16363, NULL, 56, 310, '', '4', '2014-11-14 00:00:00.000000', '2434'),
(16367, NULL, 56, 307, '', '1.5', '2014-11-15 00:00:00.000000', '0'),
(16383, NULL, 56, 311, '', '2', '2014-11-13 00:00:00.000000', '0'),
(16389, NULL, 56, 307, '', '5', '2014-11-16 00:00:00.000000', '2436'),
(16396, NULL, 56, 309, '', '10', '2014-11-16 00:00:00.000000', '2441'),
(16397, NULL, 56, 309, '', '10', '2014-11-16 00:00:00.000000', '2512'),
(16398, NULL, 56, 311, '', '1.5', '2014-11-16 00:00:00.000000', '0'),
(16412, NULL, 56, 307, '', '3', '2014-11-16 00:00:00.000000', '2436'),
(16449, NULL, 56, 308, '', '4', '2014-11-16 00:00:00.000000', '0'),
(16455, NULL, 56, 307, '', '3', '2014-11-16 00:00:00.000000', '2436'),
(16468, NULL, 56, 316, '', '4', '2014-11-16 00:00:00.000000', '2431'),
(16474, NULL, 56, 240, '', '2', '2014-11-10 00:00:00.000000', '0'),
(16475, NULL, 56, 240, '', '2', '2014-11-13 00:00:00.000000', '0'),
(16476, NULL, 56, 240, '', '4', '2014-11-15 00:00:00.000000', '0'),
(16537, NULL, 56, 309, '', '1.5', '2014-11-20 00:00:00.000000', '2511'),
(16538, NULL, 56, 309, '', '7', '2014-11-20 00:00:00.000000', '2441'),
(16545, NULL, 56, 312, '', '3', '2014-11-20 00:00:00.000000', '2518'),
(16555, NULL, 56, 307, '', '2', '2014-11-22 00:00:00.000000', '0'),
(16558, NULL, 56, 307, '', '10', '2014-11-22 00:00:00.000000', '2436'),
(16561, NULL, 56, 310, '', '2', '2014-11-20 00:00:00.000000', '0'),
(16562, NULL, 56, 310, '', '6', '2014-11-23 00:00:00.000000', '0'),
(16563, NULL, 56, 310, '', '4', '2014-11-23 00:00:00.000000', '2434'),
(16566, NULL, 56, 307, '', '8', '2014-11-23 00:00:00.000000', '2436'),
(16568, NULL, 56, 309, '', '10', '2014-11-23 00:00:00.000000', '2441'),
(16573, NULL, 56, 308, '', '4', '2014-11-23 00:00:00.000000', '0'),
(16575, NULL, 56, 308, '', '4', '2014-11-23 00:00:00.000000', '0'),
(16576, NULL, 56, 308, '', '2', '2014-11-23 00:00:00.000000', '0'),
(16600, NULL, 56, 312, '', '10', '2014-11-23 00:00:00.000000', '2492'),
(16602, NULL, 56, 311, '', '3', '2014-11-20 00:00:00.000000', '0'),
(16603, NULL, 56, 311, '', '3', '2014-11-22 00:00:00.000000', '0'),
(16604, NULL, 56, 311, '', '3', '2014-11-23 00:00:00.000000', '0'),
(16630, NULL, 56, 309, '', '2', '2014-11-24 00:00:00.000000', '2491'),
(16631, NULL, 56, 309, '', '10', '2014-11-24 00:00:00.000000', '2441'),
(16638, NULL, 56, 312, '', '2', '2014-11-24 00:00:00.000000', '2518'),
(16655, NULL, 56, 307, '', '1.5', '2014-11-24 00:00:00.000000', '0'),
(16656, NULL, 56, 307, '', '1', '2014-11-25 00:00:00.000000', '0'),
(16660, NULL, 56, 240, '', '3', '2014-11-20 00:00:00.000000', '0'),
(16661, NULL, 56, 240, '', '1', '2014-11-17 00:00:00.000000', '0'),
(16662, NULL, 56, 240, '', '4', '2014-11-19 00:00:00.000000', '0'),
(16663, NULL, 56, 240, '', '4', '2014-11-18 00:00:00.000000', '0'),
(16671, NULL, 56, 316, '', '35', '2014-11-22 00:00:00.000000', '0'),
(16691, NULL, 56, 307, '', '3', '2014-11-26 00:00:00.000000', '0'),
(16694, NULL, 56, 307, '', '2', '2014-11-26 00:00:00.000000', '2525'),
(16697, NULL, 56, 309, '', '10', '2014-11-26 00:00:00.000000', '2441');

-- --------------------------------------------------------

--
-- Table structure for table `link_table`
--

CREATE TABLE IF NOT EXISTS `link_table` (
  `link_id` int(20) NOT NULL AUTO_INCREMENT,
  `group_id` int(20) DEFAULT NULL,
  `member_id` int(10) DEFAULT NULL,
  PRIMARY KEY (`link_id`)
) ENGINE=InnoDB DEFAULT CHARSET=utf8 AUTO_INCREMENT=1 ;

-- --------------------------------------------------------

--
-- Table structure for table `member`
--

CREATE TABLE IF NOT EXISTS `member` (
  `member_id` int(10) NOT NULL,
  `account` varchar(30) CHARACTER SET latin1 DEFAULT NULL,
  `password` varchar(30) CHARACTER SET latin1 DEFAULT NULL,
  `first_name` varchar(20) CHARACTER SET latin1 DEFAULT NULL,
  `last_name` varchar(20) CHARACTER SET latin1 DEFAULT NULL,
  `level_of_priviledges` int(4) DEFAULT NULL,
  `email` varchar(20) CHARACTER SET latin1 DEFAULT NULL,
  `phonenumber` varchar(255) CHARACTER SET latin1 DEFAULT NULL,
  PRIMARY KEY (`member_id`)
) ENGINE=InnoDB DEFAULT CHARSET=utf8;

--
-- Dumping data for table `member`
--

INSERT INTO `member` (`member_id`, `account`, `password`, `first_name`, `last_name`, `level_of_priviledges`, `email`, `phonenumber`) VALUES
(1, 'x', 'x', '', 'Last name', 1, 'x', 'x');

-- --------------------------------------------------------

--
-- Table structure for table `metrics`
--

CREATE TABLE IF NOT EXISTS `metrics` (
  `metric_id` int(10) NOT NULL,
  `metric_name` varchar(20) CHARACTER SET latin1 DEFAULT NULL,
  `metric_descripition` varchar(50) CHARACTER SET latin1 DEFAULT NULL,
  `value_type` int(10) DEFAULT NULL,
  PRIMARY KEY (`metric_id`)
) ENGINE=InnoDB DEFAULT CHARSET=utf8;

-- --------------------------------------------------------

--
-- Table structure for table `metric_values`
--

CREATE TABLE IF NOT EXISTS `metric_values` (
  `value_id` int(10) NOT NULL,
  `project_id` int(10) DEFAULT NULL,
  `metric_id` int(10) DEFAULT NULL,
  `decimal_value` double(10,0) DEFAULT NULL,
  `other_value` varchar(10) CHARACTER SET latin1 DEFAULT NULL,
  `date` datetime(6) DEFAULT NULL,
  PRIMARY KEY (`value_id`)
) ENGINE=InnoDB DEFAULT CHARSET=utf8;

-- --------------------------------------------------------

--
-- Table structure for table `participation`
--

CREATE TABLE IF NOT EXISTS `participation` (
  `participation_id` int(10) NOT NULL,
  `project_id` int(10) DEFAULT NULL,
  `member_id` int(10) DEFAULT NULL,
  `role` int(4) DEFAULT NULL,
  `starting_date` datetime(6) DEFAULT NULL,
  `ending_date` datetime(6) DEFAULT NULL,
  PRIMARY KEY (`participation_id`)
) ENGINE=InnoDB DEFAULT CHARSET=utf8;

-- --------------------------------------------------------

--
-- Table structure for table `project`
--

CREATE TABLE IF NOT EXISTS `project` (
  `project_id` int(10) NOT NULL,
  `project_name` varchar(300) CHARACTER SET latin1 DEFAULT NULL,
  `created_on` datetime DEFAULT NULL,
  `updated_on` datetime DEFAULT NULL,
  `status` int(100) DEFAULT NULL,
  `version` int(100) DEFAULT NULL,
  `discription` varchar(500) CHARACTER SET latin1 DEFAULT NULL,
  PRIMARY KEY (`project_id`)
) ENGINE=InnoDB DEFAULT CHARSET=utf8;

--
-- Dumping data for table `project`
--

INSERT INTO `project` (`project_id`, `project_name`, `created_on`, `updated_on`, `status`, `version`, `discription`) VALUES
(18, 'Majava', '2012-09-13 07:27:31', '2012-09-13 07:27:31', 0, 0, ''),
(56, 'Metrics Monitoring Tool', '2014-10-04 07:02:50', '2014-10-04 07:02:50', 0, 0, ''),
(65, 'ampere', NULL, NULL, NULL, NULL, NULL),
(55555, '', '0000-00-00 00:00:00', '0000-00-00 00:00:00', 0, 0, 'project desc');

-- --------------------------------------------------------

--
-- Table structure for table `requirement`
--

CREATE TABLE IF NOT EXISTS `requirement` (
  `requirement_id` int(10) NOT NULL,
  `project_id` int(10) DEFAULT NULL,
  `description` varchar(30) CHARACTER SET latin1 DEFAULT NULL,
  `required_working_hours` varchar(10) CHARACTER SET latin1 DEFAULT NULL,
  `date` datetime(6) DEFAULT NULL,
  PRIMARY KEY (`requirement_id`)
) ENGINE=InnoDB DEFAULT CHARSET=utf8;

--
-- Dumping data for table `requirement`
--

INSERT INTO `requirement` (`requirement_id`, `project_id`, `description`, `required_working_hours`, `date`) VALUES
(1059, 18, '', '', '2012-09-22 00:00:00.000000'),
(1076, 18, '', '', '2012-09-18 00:00:00.000000'),
(1161, 18, '', '', '2012-10-09 00:00:00.000000'),
(1328, 18, 'sek opettajien nkymst ', '', '2012-11-19 00:00:00.000000'),
(1405, 18, 'Kytttapausten kirjaaminen ', '', '2012-12-14 00:00:00.000000'),
(2422, 56, 'The selected data for a projec', '', '2014-10-15 00:00:00.000000'),
(2423, 56, 'A FB-group(s) could be added t', '', '2014-10-15 00:00:00.000000'),
(2429, 56, '', '', '2014-10-20 00:00:00.000000'),
(2434, 56, 'A FB-group(s) could be added t', '', '2014-10-23 00:00:00.000000'),
(2436, 56, 'The selected data for a projec', '', '2014-10-23 00:00:00.000000'),
(2438, 56, 'Make a database to store the d', '', '2014-10-23 00:00:00.000000'),
(2440, 56, 'Create interactive charts by u', '', '2014-10-23 00:00:00.000000'),
(2441, 56, 'Define a format for weekly rep', '', '2014-10-23 00:00:00.000000'),
(2476, 56, '', '', '2014-10-26 00:00:00.000000'),
(2491, 56, '', '', '2014-11-02 00:00:00.000000'),
(2492, 56, '', '', '2014-11-02 00:00:00.000000'),
(2495, 56, '', '', '2014-11-03 00:00:00.000000'),
(2511, 56, '', '', '2014-11-13 00:00:00.000000'),
(2512, 56, '', '', '2014-11-16 00:00:00.000000'),
(2518, 56, '', '', '2014-11-20 00:00:00.000000'),
(2524, 56, 'Present the existing data in t', '', '2014-11-25 00:00:00.000000'),
(2525, 56, 'Develop the basic login functi', '', '2014-11-25 00:00:00.000000');

-- --------------------------------------------------------

--
-- Table structure for table `weekly_report`
--

CREATE TABLE IF NOT EXISTS `weekly_report` (
  `report_id` int(50) NOT NULL,
  `project_id` int(10) DEFAULT NULL,
  `number_of_week` int(100) DEFAULT NULL,
  `project_phase` varchar(30) CHARACTER SET latin1 DEFAULT NULL,
  `completed_tasks` varchar(2000) CHARACTER SET latin1 DEFAULT NULL,
  `task_for_nextweek` varchar(2000) CHARACTER SET latin1 DEFAULT NULL,
  `schedule_status` varchar(100) CHARACTER SET latin1 DEFAULT NULL,
  `next_milestone` varchar(500) CHARACTER SET latin1 DEFAULT NULL,
  `working_hours` varchar(1000) CHARACTER SET latin1 DEFAULT NULL,
  `unit_testcases` int(50) DEFAULT NULL,
  `other_testcases` int(50) DEFAULT NULL,
  `code_revisions` int(50) DEFAULT NULL,
  `problems` varchar(500) CHARACTER SET latin1 DEFAULT NULL,
  `changes_in_project_plan` varchar(500) CHARACTER SET latin1 DEFAULT NULL,
  `things_to_mention` varchar(500) CHARACTER SET latin1 DEFAULT NULL,
  PRIMARY KEY (`report_id`)
) ENGINE=InnoDB DEFAULT CHARSET=utf8;

--
-- Dumping data for table `weekly_report`
--

INSERT INTO `weekly_report` (`report_id`, `project_id`, `number_of_week`, `project_phase`, `completed_tasks`, `task_for_nextweek`, `schedule_status`, `next_milestone`, `working_hours`, `unit_testcases`, `other_testcases`, `code_revisions`, `problems`, `changes_in_project_plan`, `things_to_mention`) VALUES
(34, 12, 4, '', 'x', 'x', 'x', 'x', '35', 0, 0, 0, 'x', 'x', 'x'),
(55, 34, 4, '', 'x', 'x', 'x', 'x', '0', 0, 0, 0, 'x', 'x', 'x'),
(98, 98, 4, '', 'x', 'x', 'x', 'x', '35', 0, 0, 0, 'x', 'x', 'x'),
(1234, 4321, 45, NULL, '5', '5', '5', NULL, NULL, 31, 43, 53, NULL, NULL, NULL),
(5589, 6666, 4, '', 'x', 'x', 'x', 'x', '0', 0, 0, 0, 'x', 'x', 'x'),
(6456, 564645, 4, '', 'x', 'x', 'x', 'x', '35', 0, 0, 0, 'x', 'x', 'x'),
(7575, 6757, 4, '', 'x', 'x', 'x', 'x', '0', 0, 0, 0, 'x', 'x', 'x'),
(12345, 1234, 4, '', 'x', 'x', 'x', 'x', '0', 0, 0, 0, 'x', 'x', 'x'),
(66666, 666666, 4, '', 'x', 'x', 'x', 'x', '0', 0, 0, 0, 'x', 'x', 'x'),
(555555, 55555, 4, '', 'x', 'x', 'x', 'x', '0', 0, 0, 0, 'x', 'x', 'x'),
(2147483647, 5555, 4, '', 'x', 'x', 'x', 'x', '0', 0, 0, 0, 'x', 'x', 'x');

-- --------------------------------------------------------

--
-- Table structure for table `weekly_report_manager`
--

CREATE TABLE IF NOT EXISTS `weekly_report_manager` (
  `manager_id` int(50) NOT NULL AUTO_INCREMENT,
  `project_id` int(50) NOT NULL,
  `report_id` int(50) NOT NULL,
  `manager_name` varchar(50) CHARACTER SET latin1 DEFAULT NULL,
  `manager_email` varchar(50) CHARACTER SET latin1 DEFAULT NULL,
  PRIMARY KEY (`manager_id`,`project_id`,`report_id`)
) ENGINE=InnoDB DEFAULT CHARSET=utf8 AUTO_INCREMENT=1 ;

-- --------------------------------------------------------

--
-- Table structure for table `weekly_report_requirement`
--

CREATE TABLE IF NOT EXISTS `weekly_report_requirement` (
  `project_id` int(50) DEFAULT NULL,
  `report_id` int(50) DEFAULT NULL,
  `requirement_id` int(50) DEFAULT NULL,
  `requirement_name` varchar(60) CHARACTER SET latin1 DEFAULT NULL,
  `requirement_status` varchar(50) CHARACTER SET latin1 DEFAULT NULL,
  KEY `fk` (`project_id`)
) ENGINE=InnoDB DEFAULT CHARSET=utf8;

--
-- Constraints for dumped tables
--

--
-- Constraints for table `weekly_report_requirement`
--
ALTER TABLE `weekly_report_requirement`
  ADD CONSTRAINT `fk` FOREIGN KEY (`project_id`) REFERENCES `project` (`project_id`);

/*!40101 SET CHARACTER_SET_CLIENT=@OLD_CHARACTER_SET_CLIENT */;
/*!40101 SET CHARACTER_SET_RESULTS=@OLD_CHARACTER_SET_RESULTS */;
/*!40101 SET COLLATION_CONNECTION=@OLD_COLLATION_CONNECTION */;
